{
    "Warning": "Macronix International Co., Ltd.(“MXIC”) may collect, process and/or use your personal data at MXIC’s electronic system for purpose in connection \nwith MXIC’s business and/or security reasons.Please kindly ensure any and all data/information provided hereunder are accurate. \nWith respect to your personal data provided above, you may request for review, copy, supplement or correction,\n and/or discontinue any such collection, processing and/or use; or deletion of the personal data.",
    "sysdescr": "The content of the form(s) in this system may contain personal data, and shall only be used within the scope of MXIC's business.",
    "Logout": "Logout",
    "Signin": "Sign in",
    "SystemAdminPhone": "System Admin Phone 75864",
    "SystemMaintainerPhone": "System Maintainer Phone 75911",
    "PCMaintainerPhone": "PC Maintainer Phone 79999",
    "Form": {
        "Success": "Success",
        "Fail": "Fail",
        "FormSamCheck": "Requirements must be undertaken for the same software"
    },
    "StatusCodeMessage": {
        "0": "Execution succeed",
        "1": "Execution failed",
        "2": "Execution failed, an unexpected error occurred",
        "3": "Insufficient permissions"
    },
    "FAQ": {
        "List": "List",
        "AnnouncementContent：": "Announcement Content：",
        "FaqDepartment": "FAQ Department",
        "Action": "Action",
        "AnnouncementTitle": "Announcement Title",
        "FaqNumber": "ID",
        "Category": "Category",
        "FaqPublisher": "Publisher"
    },
    "Announcement": {
        "AnnouncementTab": "Announcement Tab",
        "Title": "Title",
        "LinkUrl": "Link",
        "CreateDT": "Creation date"
    },
    "Button": {
        "add": "Add",
        "addemp": "Add",
        "approve": "Approve",
        "cancel": "Cancel",
        "confirm": "Confirm",
        "YES": "Confirm",
        "choose": "Choose",
        "delete": "Delete",
        "displayonly": "Display Only",
        "edit": "Edit",
        "leave": "Leave",
        "newsys": "New Sys",
        "save": "Save",
        "submit": "Submit",
        "search": "Search",
        "upload": "Upload",
        "reject": "Reject",
        "sysconfig": "System Config",
        "AddItem": "New Item",
        "AddMember": "Add Member",
        "AddRole": "Add role",
        "approved": "Approved",
        "rejected": "Rejected",
        "sysconfig": "System Config...",
        "close": "close",
        "ChangeApprover": "Change Approver",
        "Invalid": "Invalid"
    },
    "Demo": {
        "account": "Account",
        "account_placeholder": "Please enter account",
        "createdate": "CreateDate",
        "createdate_placeholder": "Please enter date",
        "id": "Seq",
        "Content": "Content",
        "Date": "Date"
    },
    "file-upload": {
        "file-upload": "File-upload",
        "Selectfile": "Select-file"
    },
    "Fake": {
        "type1": "(Applicant check)",
        "type0": "draft",
        "ApplicationCategory": "Softward",
        "Username": "Username",
        "Searchbybrand": "Search by brand",
        "Physicalmachine": "Physical Machine",
        "Virtualmachine": "Virtual Machine",
        "Available": "Available",
        "Selected": "Selected",
        "Dept": "Department",
        "EmployeeNo": "Employee No.",
        "EmployeeName": "Name",
        "Extension": "Extension",
        "chooserole": "Plaese choose Role"
    },
    "header": {
        "Addsoftwarelist": "Add software list",
        "Addsoftwareform": "Add software form",
        "Listofasset": "List of asset numbers",
        "Computercustodian": "Computer custodian form",
        "VIPstaff": "VIP staff menu",
        "VIPcharacter": "VIP character edit menu",
        "MemberList": "Member List",
        "DeptList": "Dept List",
        "ChangeApprover": "Change Approver"
    },
    "informationservice": {
        "title": "Information service",
        "applicant": "Applicant",
        "project": "Project",
        "description": "Description",
        "other": "Other",
        "applicant_placeholder": "Please enter applicant",
        "project_placeholder": "Please enter project",
        "description_placeholder": "Please description ",
        "StartDate": "StartDate",
        "EndDate": "EndDate",
        "softwarerequirements": "Software requirements",
        "APPLYType": "Apply type",
        "softwareapplicationinstallation": "Software application installation",
        "softwaretrialinstallation": "Software trial installation",
        "addsoftware": "Add software",
        "softwarename": "SoftwareName",
        "paid/free": "Paid/Free",
        "pricing": "Pricing",
        "authorityunit": "AuthorityUnit",
        "softwareOwner": "SoftwareOwner",
        "vendor": "Vendor",
        "demandversion": "DemandVersion",
        "demandamound": "Demandamound",
        "sameasthefirst": "Sameasthefirst",
        "installcomputercustodian": "Installcomputercustodian",
        "assetNumber": "AssetNumber",
        "computername": "ComputerName",
        "location": "Location",
        "rad": "rad",
        "Code": "Code",
        "AsseetId": "AssetId",
        "AsseetChrildId": "AssetChrildId",
        "PCName": "PCName",
        "Admin": "Admin",
        "Dept": "Dept",
        "AsseetType": "AssetType",
        "SAPType": "SAPType",
        "floor": "floor",
        "SAPName": "SAPName",
        "demandversion_placeholder": "Please enter version",
        "demandamound_placeholder": "Please enter quantity",
        "ApllyType": "Aplly Type",
        "DemandDate": "Demand Date",
        "TrialDate": "試用日期",
        "SendErrorMsg": "Installation information is missing",
        "CheckSoftwareOwner": "The person in charge of the software you choose must be the same person. If there are more than two persons in charge, please separate the bill of lading, thank you",
        "CheckSoftwareSelect": "Choose Software"
    },
    "QA": {
        "Title": "Question and Answering Q&A",
        "Time": "Time",
        " QATitle": "Title"
    },
    "Sign": {
        "ApprovalLog": "Approval Log",
        "Department": "Department",
        "Signatory": "Signatory",
        "Time": "Time",
        "Result": "Result",
        "Suggestion": "Suggestion",
        "FormName": "FormName",
        "FormNumber": "FormNumber:",
        "CurrApprover": "CurrApprover:",
        "ApplicationCategory": "ApplicationCategory:",
        "KeyinTime": "Key in:",
        "KeyinBy": "KeyinBy:",
        "FormStatus": "FormStatus:",
        "required": "required",
        "ApplyDesc": "Application Description:",
        "flow": "flow",
        "signexplain": "Sign Explain",
        "watchflow": "Watch Flow",
        "isrequired": "Is Required Field！",
        "Description1": "Service application is divided into short-term use",
        "Description2": "Long-term use of this service due to business needs, can apply for long-term use, long-term use every six months to notify the supervisor at the ministerial level to confirm the renewal or deactivation",
        "Description3": "If you need to use this service during your business trip or project, you can apply for short-term use. For short-term use, you can click on the next day according to actual needs.",
        "Description4": "To stop using this service, you can use the \"Account Permissions Disable\" feature to request a suspension"
    },
    "SignBox": {
        "Pending": "Pending",
        "Draft": "Draft",
        "Processing": "Processing",
        "FormName": "Form Name",
        "Subject": "Subject",
        "Applicant": "Applicant",
        "Department": "Department",
        "FormID": "Form ID",
        "Status": "Status",
        "Time": "Application Time",
        "FormNo": "Form Number"
    },
    "Type": {
        "Softward": "Software",
        "SoftwareApply": "Software/Apply",
        "SoftwareChange": "Software/Change",
        "Hardward": "Hardward",
        "Account": "Account",
        "Complex": "Complex",
        "Draft": "Draft",
        "SignOff": "SignOff",
        "Reject": "Reject",
        "Program": "Program",
        "Closed": "Closed",
        "AccountDisabled": "Account Disabled",
        "AccountCitrix": "Account Citrix",
        "AccountChange": "Account Change",
        "AccountApply": "Account Apply",
        "Rejected": "Rejected",
        "Approving": "Approving",
        "Deploying": "Deploying",
        "Deploy": "Deploy",
        "ApplicantCosign": "Applicant Cosign",
        "CaseOfficerCosign": "Undertaking unit compliance inspection",
        "VIPCaseOfficerCosign": "ITC processing",
        "CaseOfficerMgrCosign": "Undertaking unit compliance inspection",
        "ApplicantMgrCosign": "Applicant unit demand confirmation",
        "HQSalesMgr": "Applicant unit demand confirmation",
        "OverseaChairmanCosign": "Applicant unit demand confirmation",
        "NewUserCosign": "Applicant unit demand confirmation",
        "NewUserMgrCosign": "Applicant unit demand confirmation",
        "GMCosign": "Applicant unit demand confirmation",
        "ChairmanCosign": "Applicant unit demand confirmation",
        "CaseOfficerPorcess": "ITC processing",
        "RtSpcLst01": "Applicant confirming",
        "SAMChecking": "SAM confirming",
        "ITCPreReview": "ITC prereview",
        "CustodianFiller": "Custodian Filler",
        "PersonConfirm": "Responsible person confirming",
        "Exclude": "Exclude",
        "ITCProcess": "ITC process",
        "VIPStaffClose": "VIP Staff Close",
        "AutoApprov": "System approval",
        "Invalid": "Invalid"
    },
    "Vip": {
        "delete": "delete",
        "Name": "Name",
        "Department": "Department",
        "Empno": "ID",
        "Adname": "AD Name",
        "RoleType": "Role",
        "ModifyEmpno": "Updater",
        "ModifyDate": "Updatetime",
        "Remove": "Delete",
        "add": "Add",
        "Gmanger": "General manager",
        "VIPFormName": "VIP Applicant Maintain",
        "Chairman": "Chairman"
    },
    "ServiceSetting": {
        "add": "add",
        "Edit": "Edit",
        "ServiceSettingTitle": "Service Setting Title",
        "ModifyDate": "Modify Date",
        "ModifyEmp": "Last Modify People",
        "LeavingControls": "Leaving Controls",
        "ComplexApplicationOptions": "Complex Application Options",
        "LevelCode": "Level Code",
        "ApplicationDescriptionEn": "Application Description En",
        "ApplicationDescription": "Application Description",
        "InfoSecurityDescriptionEn": "Info Security Description En",
        "InfoSecurityDescription": "Info Security Description",
        "BackupOrganizer": "Backup Organizer",
        "Organizer": "Organizer",
        "Status": "Service deactivation",
        "IsUseStandardForm": "Is Use Standard Form",
        "OverseasFlowCode": "Overseas Flow Code",
        "RiskLevel": "Risk Level",
        "ServiceSubClass": "Service Sub Class",
        "ServiceSubProjectEn": "Service Sub Project En",
        "ServiceSubProject": "Service Sub Project",
        "ServiceProjectEn": "Service Project En",
        "ServiceProject": "Service Project",
        "ServiceCode": "Service Code",
        "ServiceClass": "Service Class",
        "HqFlowCode": "HQ Flow Code",
        "SelectServiceClass": "Select Service Class",
        "SelectServiceSubClass": "Select Service Sub Class",
        "InputServiceProject": "Input Service Project",
        "InputServiceProjectEn": "Input Service Project En",
        "SelectOrganizer": "Select Organizer",
        "SelectBackOrganizer": "Select Back Organizer"
    },
    "SignFlowSetting": {
        "Edit": "編輯",
        "SignFlowSettingTitle": "簽核流程樣板維護",
        "ModifyDate": "最後修改時間",
        "ModifyEmp": "最後修改人",
        "Status": "簽核流程停用",
        "FlowNo": "流程編號",
        "FlowClass": "流程分類",
        "RiskLevel": "風險等級",
        "SignFlow": "簽核流程",
        "InputFlowClass": "請輸入流程分類",
        "InputSignFlow": "請輸入簽核流程"
    },
    "Verification": {
        "required": "is required !"
    },
    "InfoQuery": {
        "FormName": "Information service application query",
        "ServiceNo": "No",
        "ServiceClass": "Service Class",
        "ServiceSubClass": "Sub Class",
        "ServiceProject": "Service Project",
        "FormStatus": "Form Status",
        "ApplicanterName": "Applicanter",
        "ApplicanterDept": "Dept.",
        "CreateDate": "Create Date",
        "SignName": "Sign Name",
        "QueryType0": "Within one year",
        "QueryType1": "More than a year"
    },
    "InformationServiceSign": {
        "title": "Information service sign"
    },
    "VipMaintainer": {
        "delete": "delete",
        "Name": "Name",
        "Department": "Department",
        "EmpNO": "ID",
        "Adname": "AD Name",
        "ModifyEmpNO": "Updater",
        "ModifyDate": "Updatetime",
        "VIPFormName": "VIP Maintainer"
    },
    "SalesMaintainer": {
        "delete": "delete",
        "Name": "Name",
        "Department": "Department",
        "EmpNO": "ID",
        "Adname": "AD Name",
        "ModifyEmpNO": "Updater",
        "ModifyDate": "Updatetime",
        "SalesFormName": "Sales Maintainer"
    },
    "AccountPermission": {
        "addDisableItem": "add Disable Item",
        "title": "Account permissions",
        "addItem": "add Item",
        "time": "00:00~06:00 Unregulated",
        "user": "User / Custodian",
        "type": "Type",
        "changetype": "Change type",
        "softwarerChangeEquirements": "Account permission change requirements"
    },
    "Change": {
        "title": "Information service change",
        "applicant": "Applicant",
        "project": "Project",
        "description": "Description",
        "applicant_placeholder": "Please enter applicant",
        "project_placeholder": "Please enter project",
        "description_placeholder": "Please description ",
        "softwarerChangeEquirements": "Software change requirements",
        "softwarename": "software name",
        "authorization": "Authorization",
        "assetnumber": "Asset number",
        "computername": "Computer name",
        "custodian": "Asset number custodian",
        "bookkeeper": "Bookkeeper",
        "location": "Installation location",
        "Type1Source": "Select transaction software:",
        "Type1Target": "Designate a new custodian to install the computer:",
        "Type2Source": "Choose the software you want to recycle:",
        "Type3Source": "Choose the software you want to keep:",
        "Type3Target": "Reserved department:",
        "department": "Reserved department:",
        "Type4Source": "Choose the accounting department that keeps the software:",
        "Type4Target": "Designate a new custodian to install the computer:",
        "Qty": "Number of reservations",
        "UseQty": "Number of used",
        "Type5Target": "Designate a new reserved department:",
        "softwareVersion": "Software Version",
        "Type6Source": "Choose the software you want to upgrade:",
        "Type6Target": "Specify software version:",
        "softwareNewName": "Software New Name",
        "Type7Source": "Choose the authorized software By User:",
        "Type7Target": "Designate a new custodian to install the computer:",
        "Type8Source": "Choose the authorized software By Keypro:",
        "Type8Target": "Designate new software lock accountant:",
        "CheckItems": "At least one item must be selected",
        "CheckQty": "The reserved quantity cannot be greater than the inventory quantity",
        "CheckAuthEmp": "Designate new software account holder",
        "CheckPIC": "The person in charge of the software you choose must be the same person. If there are more than two persons in charge, please fill out the form separately, thank you!",
        "RefUri": "Link to Software Configuration Sheet"
    },
    "ChangeSign": {
        "title": "Information service transaction order approval"
    },
    "HSAMUsage": {
        "Title": "Query software installation status by hardware assets",
        "ThTitle1": "Hardware related",
        "ThTitle2": "Software related",
        "SMainAssetNo": "Main asset number",
        "SSubAssetNo": "Sub asset number",
        "AComputerName": "Computer name",
        "SNameCh": "Custodian name",
        "SDept": "Custodian Department",
        "UOwnerDeptId": "Computer authority id",
        "UOwnerDeptName": "Computer authority name",
        "UComputerUseType": "Main classification of computer use",
        "UComputerUseSubtype": "Computer use sub classification",
        "ID": "Software number",
        "Name": "Name",
        "ActualVersion": "Version",
        "AttributionUnit": "Software liability unit",
        "SoftTypeName": "Software classification",
        "SoftwareLicenseName": "License Key ID",
        "AuthEmpName": "Authorized account holder",
        "TrialStartDate": "Trial date",
        "TrialEndDate": "Start trial date"
    },
    "SignButton": {
        "Draft": {
            "Send": "Send",
            "Save": "Save"
        },
        "ApplicantCosign": {
            "Approve": "Approve",
            "Rejected": "Rejected"
        },
        "CaseOfficerCosign": {
            "Approve": "Approve",
            "Rejected": "Rejected"
        },
        "CaseOfficerMgrCosign": {
            "Approve": "Approve",
            "Rejected": "Rejected"
        },
        "ApplicantMgrCosign": {
            "Approve": "Approve",
            "Approved": "Approved",
            "Reject": "Reject",
            "Rejected": "Rejected"
        },
        "VIPCaseOfficerCosign": {
            "Approve": "Approve"
        },
        "VIPStaffClose": {
            "Closed": "Closed"
        },
        "HQSalesMgr": {
            "Approve": "Approve",
            "Approved": "Approved",
            "Reject": "Reject",
            "Rejected": "Rejected"
        },
        "OverseaChairmanCosign": {
            "Approve": "Approve",
            "Approved": "Approved",
            "Reject": "Reject",
            "Rejected": "Rejected"
        },
        "GMCosign": {
            "Approve": "Approve",
            "Approved": "Approved",
            "Reject": "Reject",
            "Rejected": "Rejected"
        },
        "NewUserCosign": {
            "Approve": "Approve",
            "Rejected": "Rejected"
        },
        "NewUserMgrCosign": {
            "Approve": "Approve",
            "Reject": "Reject",
            "Rejected": "Rejected"
        },
        "Closed": "Closed"
    },
    "Message": {
        "DeleteSuccess": "Delete Success",
        "DeleteFail": "Delete Fail",
        "AddSuccess": "Add Success",
        "AddFail": "Add Fail",
        "EditSuccess": "Edit success",
        "EditFail": "Edit fail",
        "Succeed": "Succeed",
        "Failed": "Failed",
        "Confrim": "Confirm?",
        "Select": "Select...",
        "Delete": "Delete",
        "ConfrimProcess": "Confirm process?"
    },
    "Setting": {
        "RoleManagement": "Role management",
        "Status": "Status",
        "Department": "Department",
        "Name": "Name",
        "Action": "Action",
        "UserManagement": "User management",
        "MemberAccount": "Member account",
        "PermissionSetting": "Permission setting",
        "RoleGroup": "Role Group",
        "PermissionInfo": "Maintain personnel role permission",
        "SearchDate": "Search date",
        "AccessLogReaderDate": "Access reader date",
        "AccessLogId": "Access id",
        "AccessLogName": "Access name",
        "AccessLogReader": "Access reader",
        "AccessLogInfo": "Access query"
    },
    "Account": {
        "Keeper": "Computer account custodian",
        "Keeper": "Computer account custodian",
        "Change": "Change",
        "MailNoLimit": "Unlimited outgoing mail",
        "MailLimit": "External specific mailbox",
        "System": "System integration account",
        "Maintain": "System maintenance account",
        "NotEmployee": "Non MXIC employee account",
        "Public1": "公用帳號(多人共用)",
        "OnlyOne": "專用帳號(專人專用)",
        "Public_NotEmployee": "公用帳號(非旺宏員工使用)",
        "Public": "Public account (shared by multiple people)",
        "Personal": "Employee personal account",
        "project": "Account category",
        "PushMail_nofile": "首次申請PushMail不含附件檔",
        "PushMail_file": "首次申請PushMail包含附件檔",
        "eFAX": "eFAX",
        "People_WIFI": "來賓外網WiFi",
        "Device_WIFI": "行動裝置外網WiFi",
        "ComputerOther": "電腦周邊權限",
        "FTP_Account": "FTP帳號權限",
        "NB_CarryOut": "NB攜出保管證",
        "Mail_Out": "外寄郵件信箱開放",
        "NetWork_Printing": "網路列印",
        "LoaclAdmin": "Loacl Admin",
        "OpenWebsite": "開放網站之特殊權限",
        "Citrix": "Citrix使用權限",
        "SSL_VPN": "SSL-VPN",
        "PushMail": "PushMail使用權限",
        "ComputerAccount": "電腦帳號申請",
        "Select": "請選擇"
    },
    "PushMail": {
        "PushMail_file": "含附件檔",
        "PushMail_file": "含附件檔",
        "ApplyphoneList": "已申請之行動裝置",
        "PushMail_file": "含附件檔",
        "PushMail_nofile": "不含附件檔",
        "OldDeviceId": "舊手機",
        "NewPhone": "新手機型號",
        "OldPhone": "舊手機",
        "ApplyUseType": "申請類型",
        "UseType": "使用類型",
        "Nofile": "變更為不包含附件",
        "WithFile": "變更為包含附件",
        "AddDevice": "新增第二台以上設備",
        "LoseDevice": "設備遺失",
        "ChangeDevice": "設備變更",
        "UseDate": "使用期限",
        "Short": "短期使用",
        "Long": "長期使用",
        "All": "請選擇",
        "DeviceId": "行動設備ID",
        "Module": "新手機型號",
        "Type": "使用類別",
        "User": "使用人",
        "Item": "項目"
    },
    "Citrix": {
        "Temporary": "臨時使用",
        "UseDate": "使用期限",
        "Short": "短期使用",
        "Long": "長期使用",
        "All": "請選擇",
        "Other": "其他功能授權",
        "Type": "使用類別",
        "User": "使用人",
        "Item": "項目"
    },
    "ComputerAccount": {
        "ApplyAccount1": "已申請帳號",
        "newKeeper": "新保管人",
        "ChangeContent": "異動內容",
        "ChangeResult": "異動結果",
        "ApplyAccount": "申請帳號",
        "AccountName": "帳號名稱",
        "Password3": "系統管理員自管",
        "Password2": "密碼收納/封存",
        "Password1": "密碼分持/帳密分持",
        "PasswordMethod": "密碼管理方式*",
        "SystemName": "系統名稱",
        "Method": "詳述自主管理之方式(需可追溯實際使用者)*",
        "Reason": "無法專人專用事由",
        "Fax": "傳真",
        "User1": "保管人",
        "Internet": "上網",
        "Print": "列印",
        "AD&Novell": "AD、Novell 帳號",
        "AD&Novell&NotesIO": "AD & Novell & Notes 帳號及收發公司內/外部郵件(含Notes應用系統)",
        "AD&Novell&NotesI": "AD & Novell & Notes 帳號及收發公司內部郵件(含Notes應用系統)",
        "OnlyAD&Novell&NotesIO": "AD & Novell & Notes 帳號及僅收發公司內/外部郵件",
        "OnlyAD&Novell&NotesI": "AD & Novell & Notes 帳號及僅收發公司內部郵件",
        "AD": "AD 帳號",
        "AccountType": "申請帳號",
        "LastName": "電腦帳號LastName",
        "UseDate": "使用期限",
        "Short": "短期使用",
        "Long": "長期使用",
        "All": "請選擇",
        "FirstName": "電腦帳號FitstName",
        "Authorize": "授權",
        "Type": "使用類別",
        "User": "使用人",
        "Item": "項目"
    },
    "OpenWeb": {
        "NowKeeper": "現行保管人",
        "UseType": "使用類別",
        "Department": "部門",
        "NewKeeper": "新保管人",
        "Download": "檔案下載",
        "Uplaod": "檔案上傳",
        "Copy": "資訊複製",
        "Read": "瀏覽權限",
        "WebType": "網站類別",
        "Open": "開放功能",
        "URL": "網址",
        "UseDate": "使用期限",
        "Short": "短期使用",
        "Long": "長期使用",
        "All": "請選擇",
        "Name": "網站名稱",
        "Type": "使用類別",
        "User": "使用人",
        "Item": "項目"
    },
    "LocalAdmin": {
        "AccountType": "帳號別",
        "UseDate": "使用期限",
        "Short": "短期使用",
        "Long": "長期使用",
        "All": "請選擇",
        "ComputerName": "資產編號/電腦名稱",
        "Type": "使用類別",
        "User": "使用人",
        "Item": "項目"
    },
    "Print": {
        "Only": "印表機限定人員列印",
        "Cancel": "取消浮水印",
        "Feature": "需求功能",
        "UseDate": "使用期限",
        "Short": "短期使用",
        "Long": "長期使用",
        "All": "請選擇",
        "PrinterName": "印表機名稱",
        "Type": "使用類別",
        "User": "使用人",
        "Item": "項目"
    },
    "MailOut": {
        "ToUserEmail": "收信人電子信箱",
        "ToUserName": "收信人姓名",
        "UseDate": "使用期限",
        "Short": "短期使用",
        "Long": "長期使用",
        "All": "請選擇",
        "ToCompany": "收信公司名稱",
        "Type": "使用類別",
        "User": "使用人",
        "Item": "項目"
    },
    "NB": {
        "Number": "證號",
        "UseDate": "使用期限",
        "Short": "短期使用",
        "Long": "長期使用",
        "All": "請選擇",
        "ComputerName": "資產編號/電腦名稱",
        "Type": "使用類別",
        "User": "使用人",
        "Item": "項目"
    },
    "Other": {
        "NewFunction": "變更週邊裝置權限開放*",
        "NowFunction": "現行週邊裝置權限開放",
        "Open": "週邊裝置權限開放",
        "UseDate": "使用期限",
        "Short": "短期使用",
        "Long": "長期使用",
        "All": "請選擇",
        "ComputerName": "資產編號/電腦名稱",
        "Type": "使用類別",
        "User": "使用人",
        "Item": "項目"
    },
    "Device": {
        "MAC": "MAC Address",
        "Serial": "行動裝置序號",
        "Modul": "行動裝置型號",
        "Site": "Site",
        "UseDate": "使用期限",
        "Short": "短期使用",
        "Long": "長期使用",
        "All": "請選擇",
        "Type": "使用類別",
        "User": "使用人",
        "Item": "項目"
    },
    "People": {
        "Account": "帳號/密碼",
        "People": "使用人/來賓",
        "Company": "廠商/公司",
        "Count": "申請數量",
        "Site": "Site",
        "UseDate": "使用期限",
        "Short": "短期使用",
        "Long": "長期使用",
        "All": "請選擇",
        "Type": "使用類別",
        "User": "使用人",
        "Item": "項目"
    },
    "eFax": {
        "Open": "開放功能",
        "UseDate": "使用期限",
        "Short": "短期使用",
        "Long": "長期使用",
        "All": "請選擇",
        "Type": "使用類別",
        "User": "使用人",
        "Item": "項目"
    },
    "apply": {
        "delete": "刪除使用人",
        "add": "新增使用人",
        "useType": "使用授權類型",
        "ApplyEmpNo": "申請人人工號",
        "UserEmpNo": "使用人工號",
        "Safe": "保險櫃",
        "GroupDesc": "群組說明",
        "GroupName": "群組",
        "GroupId": "#",
        "User": "使用人",
        "UserDept": "使用人部門",
        "addItem": "新增項目",
        "Signer": "目前簽核人",
        "Id": "資訊服務申請單編號",
        "Item": "服務項目",
        "Status": "表單狀態",
        "Applicant": "申請人",
        "ApplicantDept": "申請人部門",
        "ApplyDate": "申請日期"
    },
    "PAM": {
        "UsingType": {
            "1": "長期使用",
            "2": "短期使用",
            "3": "臨時使用"
        }
    },
    "AccountDisabled": {
        "ApplyId": "申請單號",
        "Information2": "資訊2",
        "Information1": "資訊1",
        "AccountName": "帳號名稱",
        "UseType": "使用類型",
        "AccountFunction": "帳號功能權限",
        "AccountType": "帳號類型",
        "Item": "帳號權限停用項目"
    }
}