{
    "Warning": "旺宏電子股份有限公司基於業務需要及安全等目的，得於本系統內蒐集、處理或利用台端之個人資料。\n尚請 台端提供上表各欄所載之個資及資訊，並確認相關資訊正確無誤。\n關於台端提供之個資，台端亦得依法請求查詢、製給複製本、補充更正、請求停止蒐集、處理、利用或刪除。",
    "sysdescr": "本系統之表單內容可能涉及個人資料，僅限公司業務範圍內使用。",
    "Logout": "登出",
    "Signin": "登入",
    "SystemAdminPhone": "系統管理員專線電話 75864",
    "SystemMaintainerPhone": "系統維護員專線電話 75911",
    "PCMaintainerPhone": "電腦報修專線電話 79999",
    "Form": {
        "Success": "成功",
        "Fail": "失敗",
        "FormSamCheck": "需求項目必須為相同軟體承辦"
    },
    "StatusCodeMessage": {
        "0": "執行成功",
        "1": "執行失敗",
        "2": "執行失敗，發生了意外錯誤",
        "3": "權限不足"
    },
    "FAQ": {
        "List": "清單",
        "AnnouncementContent：": "內容",
        "FaqDepartment": "發佈部門",
        "Action": "功能",
        "AnnouncementTitle": "標題",
        "FaqNumber": "編號",
        "Category": "類別",
        "FaqPublisher": "發佈者"
    },
    "Announcement": {
        "AnnouncementTab": "公告欄",
        "Title": "標題",
        "LinkUrl": "連結",
        "CreateDT": "建立日期"
    },
    "Button": {
        "AddItem": "新增項目",
        "AddMember": "新增人員",
        "AddRole": "新增角色",
        "add": "新增",
        "addemp": "新增人員",
        "approve": "核准",
        "approved": "核定",
        "cancel": "取消",
        "confirm": "確認",
        "YES": "確定",
        "choose": "選擇",
        "delete": "刪除",
        "displayonly": "唯讀",
        "leave": "離開",
        "edit": "編輯",
        "newsys": "新系統",
        "save": "儲存",
        "submit": "送件",
        "search": "搜尋",
        "upload": "上傳",
        "reject": "退回上一關",
        "rejected": "拒絕",
        "sysconfig": "系統功能．．．",
        "close": "結案",
        "ChangeApprover": "變更簽核人",
        "Invalid": "作廢"
    },
    "Demo": {
        "account": "帳號",
        "account_placeholder": "請輸入帳號",
        "createdate": "建立日期",
        "createdate_placeholder": "請選擇日期",
        "id": "流水號",
        "Content": "內容",
        "Date": "日期"
    },
    "file-upload": {
        "file-upload": "附件",
        "Selectfile": "瀏覽文件"
    },
    "Fake": {
        "type1": "(申請人確認中)",
        "type0": "草稿",
        "Username": "使用者名稱",
        "Searchbybrand": "以...搜尋",
        "Physicalmachine": "實體機",
        "Virtualmachine": "虛擬機",
        "Available": "可選擇",
        "Selected": "已選擇",
        "Dept": "部門",
        "EmployeeNo": "員工編號",
        "EmployeeName": "員工姓名",
        "Extension": "擴充",
        "chooserole": "請選擇角色"
    },
    "header": {
        "Addsoftwarelist": "新增軟體清單",
        "Addsoftwareform": "新增軟體表單",
        "Listofasset": "資產編號清單",
        "Computercustodian": "電腦保管人表單",
        "VIPstaff": "VIP人員選單",
        "VIPcharacter": "VIP角色編輯選單",
        "MemberList": "人員選單",
        "DeptList": "部門選單",
        "ChangeApprover": "變更當站簽核人"
    },
    "informationservice": {
        "title": "資訊服務申請單",
        "applicant": "申請人",
        "project": "申請項目",
        "project_sub": "申請子項目",
        "description": "需求說明",
        "other": "其他說明文字",
        "applicant_placeholder": "請輸入申請人",
        "project_placeholder": "請輸入申請項目",
        "description_placeholder": "請輸入需求說明",
        "StartDate": "開始日期",
        "EndDate": "結束日期",
        "softwarerequirements": "軟體需求",
        "APPLYType": "申請類別",
        "softwareapplicationinstallation": "軟體申請安裝",
        "softwaretrialinstallation": "軟體試用安裝",
        "addsoftware": "新增軟體",
        "softwarename": "軟體名稱",
        "paid/free": "付費/免費",
        "pricing": "定價",
        "authorityunit": "權責單位",
        "softwareOwner": "軟體負責人",
        "vendor": "廠商",
        "demandversion": "需求版次",
        "demandamound": "需求數量",
        "sameasthefirst": "同第一筆",
        "installcomputercustodian": "安裝電腦保管人",
        "assetNumber": "資產編號",
        "computername": "電腦名稱",
        "location": "地點",
        "rad": "",
        "Code": "公司代碼",
        "AsseetId": "主資產編號",
        "AsseetChrildId": "子資產編號",
        "PCName": "電腦名稱",
        "Admin": "保管人姓名",
        "Dept": "保管人部門",
        "AsseetType": "資產類別",
        "SAPType": "SAP資產類別",
        "floor": "位置/樓層",
        "SAPName": "SAP設備名稱",
        "demandversion_placeholder": "請輸入版次",
        "demandamound_placeholder": "請輸入數量",
        "ApllyType": "申請類別",
        "DemandDate": "需求日期",
        "TrialDate": "試用日期",
        "SendErrorMsg": "尚有安裝資訊未填寫完整",
        "CheckSoftwareOwner": "您選擇的軟體負責人需為同一人，若有兩位以上的負責人，請分開提單，謝謝",
        "CheckSoftwareSelect": "請選擇軟體"
    },
    "QA": {
        "Title": "相關問題 Q&A",
        "Time": "發布時間",
        " QATitle": "問題標題"
    },
    "Sign": {
        "ApprovalLog": "簽核紀錄",
        "Department": "部門",
        "Signatory": "簽核人員",
        "Time": "簽核時間",
        "Result": "簽核結果",
        "Suggestion": "簽核意見",
        "FormName": "表單名稱",
        "FormNumber": "表單編號：",
        "CurrApprover": "目前簽核者：",
        "ApplicationCategory": "申請服務類別：",
        "KeyinBy": "填表人：",
        "KeyinTime": "填表時間：",
        "FormStatus": "表單狀態：",
        "required": "為必填欄位",
        "flow": "流程",
        "ApplyDesc": "申請說明:",
        "InfoSecurityDescription": "資安注意事項:",
        "signexplain": "簽核說明",
        "ChangeExplain": "變更簽核說明",
        "watchflow": "檢視流程圖",
        "isrequired": "為必填欄位！",
        "Description1": "服務申請分長短期使用",
        "Description2": "因業務需要需長期使用此服務，可申請長期使用，長期使用每半年通知部級以上主管確認續用或停用",
        "Description3": "因出差或專案期間須使用此服務，可申請短期使用，短期使用可依實際需求自行點選起訖日，短期使用到期將進行服務停用",
        "Description4": "欲停止使用此服務，可使用\"帳號權限停用\"功能提出停用申請",
        "SignComment": "您的簽核結果為{}，如有其他輔助意見，請說明於意見說明欄",
        "CommentHint": "意見說明",
        "Invalid": "作廢"
    },
    "SignBox": {
        "Pending": "待簽箱",
        "Draft": "草稿表單",
        "Processing": "進行中",
        "FormName": "表單名稱",
        "Subject": "主旨",
        "Applicant": "申請人",
        "Department": "部門",
        "FormID": "部門編號",
        "Status": "文件狀態",
        "Time": "申請時間",
        "FormNo": "表單編號"
    },
    "Type": {
        "Softward": "軟體",
        "AccountDisabled": "帳號權限-停用",
        "SoftwareApply": "軟體-申請",
        "SoftwareChange": "軟體-異動",
        "AccountCitrix": "帳號權限-Citrix",
        "AccountChange": "帳號權限-異動",
        "AccountApply": "帳號權限-申請",
        "Hardward": "硬體",
        "Account": "帳號",
        "Complex": "綜合",
        "Draft": "草稿",
        "SignOff": "簽核中",
        "Rejected": "拒絕",
        "Reject": "退回",
        "Program": "處理中",
        "Closed": "結案",
        "Approving": "核定中",
        "Deploying": "配置中",
        "Deploy": "配置中",
        "ApplicantCosign": "使用人確認中",
        "CaseOfficerCosign": "承辦單位合規檢查中",
        "VIPCaseOfficerCosign": "ITC處理中",
        "CaseOfficerMgrCosign": "承辦單位合規檢查中",
        "ApplicantMgrCosign": "申請單位需求確認中",
        "HQSalesMgr": "申請單位需求確認中",
        "OverseaChairmanCosign": "申請單位需求確認中",
        "NewUserCosign": "申請單位需求確認中",
        "NewUserMgrCosign": "申請單位需求確認中",
        "GMCosign": "申請單位需求確認中",
        "ChairmanCosign": "申請單位需求確認中",
        "CaseOfficerPorcess": "ITC處理中",
        "RtSpcLst01": "申請人確認中",
        "SAMChecking": "SAM確認中",
        "ITCPreReview": "ITC預審中",
        "CustodianFiller": "保管人填寫中",
        "PersonConfirm": "負責人確認中",
        "Exclude": "排除",
        "ITCProcess": "ITC處理中",
        "VIPStaffClose": "VIP處理人員結案",
        "AutoApprov": "系統核可",
        "Invalid": "作廢"
    },
    "BPMType": {
        "SAMSwapplyForm": "軟體申請單",
        "SWChangeForm": "軟體異動單"
    },
    "Vip": {
        "delete": "",
        "Name": "姓名",
        "Department": "部門",
        "Empno": "工號",
        "Adname": "AD Name",
        "RoleType": "角色",
        "ModifyEmpno": "最後修改人員",
        "ModifyDate": "最後修改時間",
        "VIPFormName": "VIP 使用者維護",
        "Gmanger": "總經理",
        "Chairman": "董事長"
    },
    "ServiceSetting": {
        "add": "新增",
        "Edit": "編輯",
        "ServiceSettingTitle": "服務基本設定維護",
        "ModifyDate": "最後修改時間",
        "ModifyEmp": "最後修改人",
        "LeavingControls": "離職控管",
        "ComplexApplicationOptions": "綜合申請選項",
        "LevelCode": "Level Code",
        "ApplicationDescriptionEn": "申請說明英文",
        "ApplicationDescription": "申請說明",
        "InfoSecurityDescriptionEn": "資安注意事項說明英文",
        "InfoSecurityDescription": "資安注意事項",
        "BackupOrganizer": "承辦人backup",
        "Organizer": "承辦人",
        "Status": "服務停用",
        "IsUseStandardForm": "是否套用標準表單",
        "OverseasFlowCode": "海外流程代碼",
        "RiskLevel": "風險等級",
        "ServiceSubClass": "服務次分類",
        "ServiceSubProjectEn": "服務子項目英文",
        "ServiceSubProject": "服務子項目",
        "ServiceProjectEn": "服務主項目英文",
        "ServiceProject": "服務主項目",
        "ServiceCode": "服務代碼",
        "ServiceClass": "服務主分類",
        "HqFlowCode": "HQ簽核流程",
        "SelectServiceClass": "請選擇服務主分類",
        "SelectServiceSubClass": "請選擇服務次分類",
        "InputServiceProject": "請輸入服務主項目",
        "InputServiceProjectEn": "請輸入服務主項目英文",
        "SelectOrganizer": "請選擇承辦人",
        "SelectBackOrganizer": "請選擇承辦人backup"
    },
    "SignFlowSetting": {
        "Edit": "編輯",
        "SignFlowSettingTitle": "簽核流程樣板維護",
        "ModifyDate": "最後修改時間",
        "ModifyEmp": "最後修改人",
        "Status": "簽核流程停用",
        "FlowNo": "流程編號",
        "FlowClass": "流程分類",
        "RiskLevel": "風險等級",
        "SignFlow": "簽核流程",
        "InputFlowClass": "請輸入流程分類",
        "InputSignFlow": "請輸入簽核流程"
    },
    "Verification": {
        "required": "欄位為必填"
    },
    "InfoQuery": {
        "FormName": "資訊服務申請單查詢",
        "ServiceNo": "資訊服務申請單編號",
        "ServiceClass": "服務主分類",
        "ServiceSubClass": "服務次分類",
        "ServiceProject": "服務項目",
        "FormStatus": "表單狀態",
        "ApplicanterName": "申請人",
        "ApplicanterDept": "申請人部門",
        "CreateDate": "申請日期",
        "SignName": "目前簽核人",
        "QueryType0": "一年之內",
        "QueryType1": "一年以上"
    },
    "InformationServiceSign": {
        "title": "資訊服務申請單簽核"
    },
    "VipMaintainer": {
        "delete": "",
        "Name": "姓名",
        "Department": "部門",
        "EmpNO": "工號",
        "Adname": "AD Name",
        "ModifyEmpNO": "最後修改人員",
        "ModifyDate": "最後修改時間",
        "VIPFormName": "VIP 申請單處理人員維護"
    },
    "SalesMaintainer": {
        "delete": "",
        "Name": "姓名",
        "Department": "部門",
        "EmpNO": "工號",
        "Adname": "AD Name",
        "ModifyEmpNO": "最後修改人員",
        "ModifyDate": "最後修改時間",
        "SalesFormName": "總部業務主管維護"
    },
    "AccountPermission": {
        "addDisableItem": "新增停用項目",
        "title": "帳號權限",
        "addItem": "新增項目",
        "time": "00:00~06:00 不管制",
        "user": "使用人/保管人",
        "type": "使用類型",
        "changetype": "異動類型",
        "softwarerChangeEquirements": "帳號權限異動需求"
    },
    "Change": {
        "title": "資訊服務申請單",
        "applicant": "申請人",
        "project": "申請項目",
        "description": "需求說明",
        "applicant_placeholder": "請輸入申請人",
        "project_placeholder": "請輸入申請項目",
        "description_placeholder": "請輸入需求說明",
        "softwarerChangeEquirements": "軟體異動需求",
        "softwarename": "軟體名稱",
        "authorization": "授權方式",
        "assetnumber": "安裝資產編號",
        "computername": "安裝電腦名稱",
        "custodian": "資編保管人",
        "bookkeeper": "授權掛帳人",
        "location": "安裝地點",
        "Type1Source": "選擇欲異動之軟體:",
        "Type1Target": "指定安裝電腦的新保管人:",
        "Type2Source": "選擇欲回收之軟體:",
        "Type3Source": "選擇欲保留之軟體:",
        "Type3Target": "保留部門:",
        "department": "保留部門",
        "Type4Source": "選擇保留軟體之掛帳部門:",
        "Type4Target": "指定安裝電腦的新保管人:",
        "Qty": "保留數量",
        "UseQty": "欲轉使用數量",
        "Type5Target": "指定新保留部門:",
        "softwareVersion": "軟體版本",
        "Type6Source": "選擇欲升降版之軟體:",
        "Type6Target": "指定軟體版本:",
        "softwareNewName": "新軟體名稱",
        "Type7Source": "選擇By User之授權軟體:",
        "Type7Target": "指定安裝電腦的新保管人:",
        "Type8Source": "選擇By Keypro之授權軟體:",
        "Type8Target": "指定新軟體鎖掛帳人:",
        "CheckItems": "至少要選擇一筆資料",
        "CheckQty": "保留數量不可大於庫存數量",
        "CheckAuthEmp": "指定新軟體掛帳人",
        "CheckPIC": "您選擇的軟體負責人需為同一人，若有兩位以上的負責人，請分開填單，謝謝!",
        "RefUri": "軟體配置單連結"
    },
    "ChangeSign": {
        "title": "資訊服務異動單簽核"
    },
    "HSAMUsage": {
        "Title": "依硬體資產查詢軟體安裝狀況",
        "ThTitle1": "硬體相關",
        "ThTitle2": "軟體相關",
        "SMainAssetNo": "主資產編號",
        "SSubAssetNo": "子資產編號",
        "AComputerName": "電腦名稱",
        "SNameCh": "保管人姓名",
        "SDept": "保管人部門",
        "UOwnerDeptId": "電腦權責單位",
        "UOwnerDeptName": "電腦權責單位",
        "UComputerUseType": "電腦用途主分類",
        "UComputerUseSubtype": "電腦用途次分類",
        "ID": "軟體編號",
        "Name": "名稱",
        "ActualVersion": "版本",
        "AttributionUnit": "軟體權責單位",
        "SoftTypeName": "軟體分類",
        "SoftwareLicenseName": "License Key ID",
        "AuthEmpName": "授權掛帳人",
        "TrialStartDate": "試用起日",
        "TrialEndDate": "試用迄日"
    },
    "SignButton": {
        "Draft": {
            "Send": "送件",
            "Save": "儲存"
        },
        "ApplicantCosign": {
            "Approve": "確認需求",
            "Rejected": "退件"
        },
        "CaseOfficerCosign": {
            "Approve": "確認合規",
            "Rejected": "退件"
        },
        "CaseOfficerMgrCosign": {
            "Approve": "核准",
            "Rejected": "退件"
        },
        "ApplicantMgrCosign": {
            "Approve": "核准",
            "Approved": "核定",
            "Reject": "退回前一站",
            "Rejected": "退件"
        },
        "VIPCaseOfficerCosign": {
            "Approve": "核准"
        },
        "VIPStaffClose": {
            "Closed": "結案"
        },
        "HQSalesMgr": {
            "Approve": "核准",
            "Approved": "核定",
            "Reject": "退回前一站",
            "Rejected": "退件"
        },
        "OverseaChairmanCosign": {
            "Approve": "核准",
            "Approved": "核定",
            "Reject": "退回前一站",
            "Rejected": "退件"
        },
        "GMCosign": {
            "Approve": "核准",
            "Approved": "核定",
            "Reject": "退回前一站",
            "Rejected": "退件"
        },
        "NewUserCosign": {
            "Approve": "確認",
            "Rejected": "退件"
        },
        "NewUserMgrCosign": {
            "Approve": "確認",
            "Reject": "退回前一站",
            "Rejected": "退件"
        },
        "Closed": "結案"
    },
    "Message": {
        "DeleteSuccess": "刪除成功",
        "DeleteFail": "刪除失敗",
        "AddSuccess": "新增成功",
        "AddFail": "新增失敗",
        "EditSuccess": "編輯成功",
        "EditFail": "編輯失敗",
        "Succeed": "執行成功",
        "Failed": "執行失敗",
        "Confrim": "確定刪除?",
        "Select": "請選擇...",
        "Delete": "刪除",
        "ConfrimProcess": "確定執行?"
    },
    "Setting": {
        "RoleManagement": "角色管理",
        "Status": "狀態",
        "Department": "部門",
        "Name": "姓名",
        "Action": "操作",
        "UserManagement": "人員管理",
        "MemberAccount": "員工帳號",
        "PermissionSetting": "功能權限設定",
        "RoleGroup": "角色管理",
        "PermissionInfo": "維護人員角色權限",
        "SearchDate": "查詢日期",
        "AccessLogReaderDate": "閱讀時間",
        "AccessLogId": "表單/主檔編號",
        "AccessLogName": "功能/表單名稱",
        "AccessLogReader": "閱讀者",
        "AccessLogInfo": "Access Log Query"
    },
    "Account": {
        "Keeper": "電腦帳號保管人",
        "Keeper": "電腦帳號保管人",
        "Change": "異動",
        "MailNoLimit": "外寄郵件不受限 ",
        "MailLimit": "外部特定信箱",
        "System": "系統整合帳號",
        "Maintain": "系統維運帳號",
        "NotEmployee": "非旺宏員工帳號",
        "Public1": "公用帳號(多人共用)",
        "OnlyOne": "專用帳號(專人專用)",
        "Public_NotEmployee": "公用帳號(非旺宏員工使用)",
        "Public": "公用帳號(旺宏員工使用)",
        "Personal": "員工個人帳號",
        "project": "帳號類別",
        "PushMail_nofile": "首次申請PushMail不含附件檔",
        "PushMail_file": "首次申請PushMail包含附件檔",
        "eFAX": "eFAX",
        "People_WIFI": "來賓外網WiFi",
        "Device_WIFI": "行動裝置外網WiFi",
        "ComputerOther": "電腦周邊權限",
        "FTP_Account": "FTP帳號權限",
        "NB_CarryOut": "NB攜出保管證",
        "Mail_Out": "外寄郵件信箱開放",
        "NetWork_Printing": "網路列印",
        "LoaclAdmin": "Loacl Admin",
        "OpenWebsite": "開放網站之特殊權限",
        "Citrix": "Citrix使用權限",
        "SSL_VPN": "SSL-VPN",
        "PushMail": "PushMail使用權限",
        "ComputerAccount": "電腦帳號申請",
        "Select": "請選擇"
    },
    "PushMail": {
        "PushMail_file": "含附件檔",
        "PushMail_file": "含附件檔",
        "ApplyphoneList": "已申請之行動裝置",
        "PushMail_file": "含附件檔",
        "PushMail_nofile": "不含附件檔",
        "OldDeviceId": "舊手機",
        "NewPhone": "新手機型號",
        "OldPhone": "舊手機",
        "ApplyUseType": "申請類型",
        "UseType": "使用類型",
        "Nofile": "變更為不包含附件",
        "WithFile": "變更為包含附件",
        "AddDevice": "新增第二台以上設備",
        "LoseDevice": "設備遺失",
        "ChangeDevice": "設備變更",
        "UseDate": "使用期限",
        "Short": "短期使用",
        "Long": "長期使用",
        "All": "請選擇",
        "DeviceId": "行動設備ID",
        "Module": "新手機型號",
        "Type": "使用類別",
        "User": "使用人",
        "Item": "項目"
    },
    "Citrix": {
        "Temporary": "臨時使用",
        "UseDate": "使用期限",
        "Short": "短期使用",
        "Long": "長期使用",
        "All": "請選擇",
        "Other": "其他功能授權",
        "Type": "使用類別",
        "User": "使用人",
        "Item": "項目"
    },
    "ComputerAccount": {
        "ApplyAccount1": "已申請帳號",
        "newKeeper": "新保管人",
        "ChangeContent": "異動內容",
        "ChangeResult": "異動結果",
        "ApplyAccount": "申請帳號",
        "AccountName": "帳號名稱",
        "Password3": "系統管理員自管",
        "Password2": "密碼收納/封存",
        "Password1": "密碼分持/帳密分持",
        "PasswordMethod": "密碼管理方式*",
        "SystemName": "系統名稱",
        "Method": "詳述自主管理之方式(需可追溯實際使用者)*",
        "Reason": "無法專人專用事由",
        "Fax": "傳真",
        "User1": "保管人",
        "Internet": "上網",
        "Print": "列印",
        "AD&Novell": "AD、Novell 帳號",
        "AD&Novell&NotesIO": "AD & Novell & Notes 帳號及收發公司內/外部郵件(含Notes應用系統)",
        "AD&Novell&NotesI": "AD & Novell & Notes 帳號及收發公司內部郵件(含Notes應用系統)",
        "OnlyAD&Novell&NotesIO": "AD & Novell & Notes 帳號及僅收發公司內/外部郵件",
        "OnlyAD&Novell&NotesI": "AD & Novell & Notes 帳號及僅收發公司內部郵件",
        "AD": "AD 帳號",
        "AccountType": "申請帳號",
        "LastName": "電腦帳號LastName",
        "UseDate": "使用期限",
        "Short": "短期使用",
        "Long": "長期使用",
        "All": "請選擇",
        "FirstName": "電腦帳號FitstName",
        "Authorize": "授權",
        "Type": "使用類別",
        "User": "使用人",
        "Item": "項目"
    },
    "OpenWeb": {
        "NowKeeper": "現行保管人",
        "UseType": "使用類別",
        "Department": "部門",
        "NewKeeper": "新保管人",
        "Download": "檔案下載",
        "Uplaod": "檔案上傳",
        "Copy": "資訊複製",
        "Read": "瀏覽權限",
        "WebType": "網站類別",
        "Open": "開放功能",
        "URL": "網址",
        "UseDate": "使用期限",
        "Short": "短期使用",
        "Long": "長期使用",
        "All": "請選擇",
        "Name": "網站名稱",
        "Type": "使用類別",
        "User": "使用人",
        "Item": "項目"
    },
    "LocalAdmin": {
        "AccountType": "帳號別",
        "UseDate": "使用期限",
        "Short": "短期使用",
        "Long": "長期使用",
        "All": "請選擇",
        "ComputerName": "資產編號/電腦名稱",
        "Type": "使用類別",
        "User": "使用人",
        "Item": "項目"
    },
    "Print": {
        "Only": "印表機限定人員列印",
        "Cancel": "取消浮水印",
        "Feature": "需求功能",
        "UseDate": "使用期限",
        "Short": "短期使用",
        "Long": "長期使用",
        "All": "請選擇",
        "PrinterName": "印表機名稱",
        "Type": "使用類別",
        "User": "使用人",
        "Item": "項目"
    },
    "MailOut": {
        "ToUserEmail": "收信人電子信箱",
        "ToUserName": "收信人姓名",
        "UseDate": "使用期限",
        "Short": "短期使用",
        "Long": "長期使用",
        "All": "請選擇",
        "ToCompany": "收信公司名稱",
        "Type": "使用類別",
        "User": "使用人",
        "Item": "項目"
    },
    "NB": {
        "Number": "證號",
        "UseDate": "使用期限",
        "Short": "短期使用",
        "Long": "長期使用",
        "All": "請選擇",
        "ComputerName": "資產編號/電腦名稱",
        "Type": "使用類別",
        "User": "使用人",
        "Item": "項目"
    },
    "Other": {
        "NewFunction": "變更週邊裝置權限開放*",
        "NowFunction": "現行週邊裝置權限開放",
        "Open": "週邊裝置權限開放",
        "UseDate": "使用期限",
        "Short": "短期使用",
        "Long": "長期使用",
        "All": "請選擇",
        "ComputerName": "資產編號/電腦名稱",
        "Type": "使用類別",
        "User": "使用人",
        "Item": "項目"
    },
    "Device": {
        "MAC": "MAC Address",
        "Serial": "行動裝置序號",
        "Modul": "行動裝置型號",
        "Site": "Site",
        "UseDate": "使用期限",
        "Short": "短期使用",
        "Long": "長期使用",
        "All": "請選擇",
        "Type": "使用類別",
        "User": "使用人",
        "Item": "項目"
    },
    "People": {
        "Account": "帳號/密碼",
        "People": "使用人/來賓",
        "Company": "廠商/公司",
        "Count": "申請數量",
        "Site": "Site",
        "UseDate": "使用期限",
        "Short": "短期使用",
        "Long": "長期使用",
        "All": "請選擇",
        "Type": "使用類別",
        "User": "使用人",
        "Item": "項目"
    },
    "eFax": {
        "Open": "開放功能",
        "UseDate": "使用期限",
        "Short": "短期使用",
        "Long": "長期使用",
        "All": "請選擇",
        "Type": "使用類別",
        "User": "使用人",
        "Item": "項目"
    },
    "apply": {
        "delete": "刪除使用人",
        "add": "新增使用人",
        "useType": "使用授權類型",
        "ApplyEmpNo": "申請人人工號",
        "UserEmpNo": "使用人工號",
        "Safe": "保險櫃",
        "GroupDesc": "群組說明",
        "GroupName": "群組",
        "GroupId": "#",
        "User": "使用人",
        "UserDept": "使用人部門",
        "addItem": "新增項目",
        "Signer": "目前簽核人",
        "Id": "資訊服務申請單編號",
        "Item": "服務項目",
        "Status": "表單狀態",
        "Applicant": "申請人",
        "ApplicantDept": "申請人部門",
        "ApplyDate": "申請日期"
    },
    "PAM": {
        "UsingType": {
            "1": "長期使用",
            "2": "短期使用",
            "3": "臨時使用"
        }
    },
    "AccountDisabled": {
        "ApplyId": "申請單號",
        "Information2": "資訊2",
        "Information1": "資訊1",
        "AccountName": "帳號名稱",
        "UseType": "使用類型",
        "AccountFunction": "帳號功能權限",
        "AccountType": "帳號類型",
        "Item": "帳號權限停用項目"
    }
}
