{
    "Warning": "Macronix International Co., Ltd. (“MXIC”) may collect, process and/or use your personal data at MXIC’s  electronic system for purpose in connection with MXIC’s business and/or security reasons. Please kindly ensure any and all data/information provided hereunder are accurate. With respect to your personal data provided above, you may request for review, copy, supplement or correction, and/or discontinue any such collection, processing and/or use; or deletion of the personal data.",
    "sysdescr": "The content of the form(s) in this system may contain personal data, and shall only be used within the scope of MXIC's business.",
    "Logout": "Logout",
    "Signin": "Sign in",
    "SystemAdminPhone": "系統管理員專線電話 75864",
    "SystemMaintainerPhone": "系統維護員專線電話 75911",
    "PCMaintainerPhone": "電腦報修專線電話 79999",
    "Form": {
        "Success": "Success",
        "Fail": "Fail"
    },
    "Announcement": {
        "AnnouncementTab": "公告欄",
        "Title": "標題",
        "LinkUrl": "連結",
        "CreateDT": "建立日期"
    },
    "Message": {
        "Succeed": "Execution succeed",
        "Failed": "Execution failed",
        "Confrim": "Do you have delete?",
        "Select": "Please select..",
        "ConfrimProcess": "Do you process?",
        "DeleteSuccess": "刪除成功",
        "DeleteFail": "刪除失敗",
        "AddSuccess": "新增成功",
        "AddFail": "新增失敗",
        "EditSuccess": "編輯成功",
        "EditFail": "編輯失敗",
        "ConfrimHaveDetails": "此刪除會將子項目全部移除，確定刪除?",
        "Delete": "刪除"
    },
    "Button": {
        "add": "Add",
        "addemp": "Add",
        "approve": "Approve",
        "cancel": "Cancel",
        "confirm": "Confirm",
        "YES": "Confirm",
        "choose": "Choose",
        "delete": "Delete",
        "displayonly": "Display Only",
        "edit": "Edit",
        "leave": "Leave",
        "newsys": "New Sys",
        "save": "Save",
        "submit": "Submit",
        "search": "Search",
        "upload": "Upload",
        "download": "Download",
        "reject": "Reject",
        "sysconfig": "System Config",
        "ComputerOut": "Computer Out",
        "ComputerRepair": "Computer Repair",
        "ComputerRecycling": "Computer Recycling",
        "SoftwareReset": "Software Reset",
        "ChooseOtherAuth": "Choose other auth",
        "ChooseOtherLicense": "Choose other license id",
        "AllSelected": "All Selected",
        "AddMember": "新增人員",
        "AddRole": "新增角色",
        "approved": "核定",
        "MultipleUpload": "批次上傳",
        "rejected": "拒絕",
        "close": "結案",
        "ChangeApprover": "變更簽核人"
    },
    "Fake": {
        "type1": "(Applicant check)",
        "type0": "draft",
        "ApplicationCategory": "Softward",
        "Username": "Username",
        "Searchbybrand": "Search by brand",
        "Physicalmachine": "Physical Machine",
        "Virtualmachine": "Virtual Machine",
        "Available": "Available",
        "Selected": "Selected",
        "Dept": "Department",
        "EmployeeNo": "Employee No.",
        "EmployeeName": "Name",
        "Extension": "Extension",
        "chooserole": "Plaese choose Role"
    },
    "Demo": {
        "account": "Account",
        "account_placeholder": "Please enter account",
        "createdate": "CreateDate",
        "createdate_placeholder": "Please enter date",
        "id": "Seq",
        "Content": "Content",
        "Date": "Date"
    },
    "SoftwareAvailable": {
        "miss": "缺少",
        "add": "新增",
        "Edit": "編輯",
        "SoftwareTypeSelect": "請選擇",
        "CheckDelete": "確定要刪除?",
        "EditFreeXIT": "維護軟體細項(for XIT)",
        "SoftwareAvailableTitle": "查詢/維護軟體可申請清單",
        "SoftwareAvailableFreeTitle": "查詢/維護免費軟體清單",
        "ModifyDate": "最後修改時間",
        "ModifyEmp": "最後修改人",
        "Status": "簽核流程停用",
        "Name": "申請名稱",
        "FreeId": "免費軟體編號",
        "FreeName": "免費軟體名稱",
        "PaymentType": "付費/免費",
        "Free": "免費",
        "Payment": "付費",
        "SoftwareTypeName": "軟體分類",
        "DeptName": "權責單位",
        "AttributionUnit": "權責單位",
        "Enable": "是否開啟申請",
        "IsTrial": "可試用",
        "PreInstalled": "預先安裝",
        "CorpName": "原廠廠商",
        "Price": "軟體定價",
        "Remark": "備註",
        "Remark2": "備註2"
    },
    "file-upload": {
        "file-upload": "File-upload",
        "Selectfile": "Select-file"
    },
    "Verification": {
        "Required": "欄位為必填",
        "More": "必須大於0",
        "OverStockCount": "大於庫存",
        "OnlyNumber": "僅可輸入數字"
    },
    "MaintenanceSoftware": {
        "Title": "Maintenance Software",
        "delete": "",
        "Name": "Name",
        "ManageType": "Type",
        "ManageUnit": "Unit",
        "ModifyEmpNO": "Updater",
        "ModifyDate": "Updatetime"
    },
    "MaintenanceSoftwareType": {
        "Title": "Maintenance Software Type",
        "delete": "",
        "Id": "Id",
        "EmpNo": "EmpNo",
        "BackEmpNo": "EmpNo backup",
        "Name": "Name",
        "PaymentSamNo": "Payment SAM",
        "PaymentSamNoBack": "Payment SAM backup",
        "FreeSamNo": "Free SAM",
        "FreeSamNoBack": "Free SAM backup",
        "STUpdaterEmpNo": "Updater",
        "STUpdateDate": "Updatetime"
    },
    "header": {
        "SoftwareTypeId": "Software Type Id",
        "SoftwareTypeEmpNo": "Software Type EmpNo",
        "Addsoftwarelist": "Add software list",
        "Addsoftwareform": "Add software form",
        "Listofasset": "List of asset numbers",
        "Computercustodian": "Computer custodian form",
        "VIPstaff": "VIP staff menu",
        "VIPcharacter": "VIP character edit menu",
        "MemberList": "Member List",
        "MaList": "MA renewed software license",
        "SoftwareReset": "Software reset",
        "MaReport": "MA Report",
        "SamSwTrackReport": "Due Tracking Orders Unprocessed Report",
        "EmpList": "人員選單",
        "DeptList": "部門選單",
        "AuthList": "軟體選單",
        "LicenseList": "License Kye / File 配置選單",
        "MaintenancePC": "電腦維修作業",
        "SoftInstall": "電腦出機作業",
        "SoftReport": "付費軟體異常報表",
        "UsageReport": "使用狀況異常報表",
        "AvailableList": "可申請軟體清單",
        "ChangeApprover": "變更當站簽核人",
        "SAMAuthNotActive": "查詢/維護軟體授權清單(未生效)"
    },
    "SoftwareChangeLog": {
        "SystemTitle": "Software Change Log",
        "Title": "Title",
        "Old": "Old",
        "New": "New",
        "Remark": "Remark",
        "UpdateDate": "Update Date"
    },
    "SoftwareFree": {
        "Title": "Software Free",
        "Name": "Name",
        "Version": "Version"
    },
    "SoftwareKeep": {
        "Title": "Software Keep",
        "SoftwareTypeId": "Software Type Id",
        "Name": "Name",
        "Version": "Version",
        "Lease": "Is Lease?",
        "KeyMappingType": "Key Mapping Type",
        "PurchaseCount": "Purchase Count",
        "UsingCount": "Using Count",
        "DeptId": "Keep Dept",
        "KeepCount": "Keep Count",
        "AuthEmpNoName": "Auth EmpNo Name",
        "ConfirmByDevice": "This field is calculated automatically by the system. The software inventory quantity will be modified simultaneously. Are you sure you want to modify it?",
        "ConfirmByUser": "This field is calculated automatically by the system. The software inventory quantity will be modified simultaneously. Are you sure you want to modify it?"
    },
    "SoftwareAuthorization": {
        "Title": "Software License Acceptance",
        "Title3": "Software License Acceptance Empty",
        "Title2": "Software Authorization",
        "Title4": "Query and maintain software license list",
        "LicenseFileAndKey": "License File/Key",
        "SoftwareInstallAndStatus": "Software Install And Status",
        "MA": "MA",
        "SoftwareKeep": "Software Keep",
        "SoftwareDetails": "Software Details",
        "SoftwareChangeLog": "Software Change Log",
        "SoftwareAcceptanceYear": "Software Acceptance Year",
        "SoftwareAcceptanceOrder": "Software Acceptance Order",
        "Id": "Id",
        "SoftwareTypeId": "Software Type Id",
        "Name": "Name",
        "Version": "Version",
        "Lease": "Is Lease?",
        "AuthorizationTypeId": "Authorization Type",
        "PurchaseCount": "Purchase Count",
        "UsingCount": "Using Count",
        "StockCount": "Stock Count",
        "Enable": "Is Enable?",
        "SoftwareAvailableListId": "Software Available",
        "WarrantyStartDate": "Warranty Start Date",
        "WarrantyEndDate": "Warranty End Date",
        "AttributionUnit": "Attribution Unit",
        "ApproveEmpNo": "Approve Emp No",
        "ApproveEmp": "Approve Emp",
        "PurchaseId": "Purchase Id",
        "Price": "Price",
        "CertificateFile": "Certificate File",
        "SourceUrl": "Source Url",
        "DealerName": "Dealer Name",
        "CorpName": "Corp Name",
        "Remark": "Remark",
        "PurchaseYear": "Purchase Year",
        "UpdaterEmpNo": "Updater Emp No",
        "UpdateDate": "Update Date",
        "FormatId": "軟體編號",
        "ChangeAuthorizationTypeMessage": "此欄位為系統自動計算，若修改可能與系統紀錄不符，您確定要修改嗎?",
        "DeactivateMessage": "您有異動此筆授權資料，請按下儲存以完成變更，否則此異動將不會更新，確定要離開?",
        "InputComment": "請填寫修改原因"
    },
    "StatusCodeMessage": {
        "0": "Execution succeed",
        "1": "Execution failed",
        "2": "Execution failed",
        "100": "Please input software name",
        "101": "Please input warranty start date or end date",
        "102": "Warranty end date not less than start date",
        "103": "Please select software acceptance",
        "104": "Please input purchase count",
        "105": "Please select enable",
        "106": "Please select lease",
        "107": "Please select authorization type",
        "108": "This authorization method: According to the software lock, the reserved operation is not open",
        "109": "Data exists",
        "110": "This option cannot be selected",
        "111": "Please input acceptance id",
        "112": "Data is empyt",
        "113": "Please select",
        "114": "Parameter error",
        "115": "You have not selected an expiration processing specification",
        "116": "You need to complete the renewal process and fill in a report or acceptance form to close the case",
        "117": "Please select software type id",
        "118": "Data empty please select",
        "119": "Please input auth empno",
        "120": "Please select license key",
        "121": "採購單號、軟體授權證明 兩欄位並為必填",
        "122": "軟體申請單號 欄位並為必填",
        "123": "其他說明 欄位並為必填",
        "124": "至少勾選一筆資料",
        "125": "請填寫說明",
        "126": "該期別尚未發出追蹤單，無統計資料",
        "127": "電腦維修作業僅能針對同一資產編號進行軟體移轉，您選擇了多筆不同的資產編號，請重新選擇!",
        "128": "軟體重新配置作業僅能針對同一軟體進行批次配置，您選擇了多筆不同的軟體，請重新選擇!",
        "129": "您選擇的軟體，授權碼/檔案為一對一授權，無法批次處理，請單筆作業!",
        "130": "申請名稱與軟體分類權責單位部門不相同",
        "131": "請選擇權責單位",
        "132": "請填寫授權掛帳人",
        "133": "請填寫延續授權數量",
        "134": "請填寫採購年度(4碼數字)",
        "135": "有延續軟體授權，因此驗收單需至少有一筆MA紀錄，請點選軟體名稱，並於下方後續的MA處新增",
        "136": "請先選擇資產",
        "137": "請填寫軟體驗收人",
        "138": "請點選軟體名稱，並於下方選擇授權碼/授權檔給予方式",
        "139": "庫存數量小於0",
        "140": "因簽核關係，同一張單內\"權責單位\"及\"軟體分類\"必須一致，若有不一致情形，請您拆單處理，謝謝!",
        "141": "採購年度應為四碼西元年",
        "142": "採購單號格式錯誤(10碼數字)",
        "143": "授權數量格式錯誤(只允許數字)",
        "144": "單價格是錯誤(只允許數字)",
        "145": "請選擇可重新配置之軟體編號",
        "146": "請填寫修改原因",
        "147": "只能單選",
        "148": "License Key/File需要填寫完整",
        "149": "延續授權數量格式錯誤(只允許數字)"
    },
    "Sign": {
        "ApprovalLog": "Approval Log",
        "Department": "Department",
        "Signatory": "Signatory",
        "Time": "Time",
        "Result": "Result",
        "Suggestion": "Suggestion",
        "FormName": "FormName",
        "FormNumber": "FormNumber:",
        "CurrApprover": "CurrApprover:",
        "ApplicationCategory": "ApplicationCategory:",
        "KeyinTime": "Key in:",
        "KeyinBy": "KeyinBy:",
        "FormStatus": "FormStatus:",
        "required": "required",
        "ApplyDesc": "Application Description:",
        "flow": "flow",
        "signexplain": "Sign Explain",
        "watchflow": "Watch Flow",
        "isrequired": "Is Required Field！",
        "Description1": "Service application is divided into short-term use",
        "Description2": "Long-term use of this service due to business needs, can apply for long-term use, long-term use every six months to notify the supervisor at the ministerial level to confirm the renewal or deactivation",
        "Description3": "If you need to use this service during your business trip or project, you can apply for short-term use. For short-term use, you can click on the next day according to actual needs.",
        "Description4": "To stop using this service, you can use the \"Account Permissions Disable\" feature to request a suspension",
        "InfoSecurityDescription": "資安注意事項:",
        "SignComment": "您的簽核結果為{}，如有其他輔助意見，請說明於意見說明欄",
        "CommentHint": "意見說明",
        "ChangeExplain": "意見說明"
    },
    "SignBox": {
        "Pending": "Pending",
        "Draft": "Draft",
        "Processing": "Processing",
        "FormName": "Form Name",
        "Subject": "Subject",
        "Applicant": "Applicant",
        "Department": "Department",
        "FormID": "Form ID",
        "Status": "Status",
        "Time": "Application Time",
        "FormNo": "表單編號"
    },
    "Type": {
        "Softward": "Softward-Apply",
        "Hardward": "Hardward",
        "Account": "Account",
        "Complex": "Complex",
        "Draft": "Draft",
        "SignOff": "SignOff",
        "Rejected": "Rejected",
        "Reject": "Reject",
        "Program": "Program",
        "Closed": "Closed",
        "Approving": "Approving",
        "Deploying": "Deploying",
        "Confirming": "Confirming",
        "Checking": "Checking",
        "ITCProcessing": "ITCProcessing",
        "UnitConfirming": "UnitConfirming",
        "Deploy": "Deploy",
        "ITCPreReview": "ITC Pre Review",
        "CustodianFiller": "Custodian Filler",
        "PersonConfirm": "Person Confirm",
        "Exclude": "Exclude",
        "null": "",
        "Software-Change": "軟體-異動",
        "SAMWarrantyTrack": "合約到期追蹤單",
        "SAMTrialTrack": "試用到期追蹤單",
        "SAMAuth": "軟體授權新增",
        "NotClosed": "未結案",
        "Start01": "驗收人填寫中",
        "OwnerFillIn": "負責人填寫中",
        "PSamAdminConfirm": "SAM確認中",
        "FSamAdminConfirm": "SAM填寫中",
        "SamAdminConfig": "配置中",
        "SamAdminConfirm": "ITC預審中",
        "EqOwnerFillIn": "保管人填寫中",
        "HQRespUnitConfirm": "負責人確認中",
        "SAMChecking": "SAM確認中",
        "CosignerList": "配置中",
        "AutoApprov": "系統核可",
        "Invalid": "作廢",
        "SystemCreate": "System Create"
    },
    "BPMType": {
        "SAMApply": "軟體申請單",
        "SAMAuth": "新增授權單",
        "SAMChange": "軟體異動單",
        "SAMInventory": "盤點追蹤單",
        "SAMOA": "查核追蹤單",
        "SAMTrialTrack": "試用追蹤單",
        "SAMWarrantyTrack": "到期追蹤單"
    },
    "SoftwareAcceptance": {
        "Title": "Software Acceptance",
        "Id": "Id",
        "NewId": "New Id",
        "PurchaseId": "Purchase Id",
        "Content": "Content",
        "ApproveDate": "Approve Date",
        "Status": "Status",
        "Remark": "Remark",
        "Description1": "Which of the following types of software did you purchase?",
        "Description2": "Rental software",
        "Description3": "All newly licensed software",
        "Description4": "Software with renewed license MA",
        "Description5": "All software not related to license MA",
        "Description6": "Authorization has been filled in the previous notification form or acceptance form",
        "NoInput": "The software you purchased does not need to be registered because it has nothing to do with the license. Thank you!",
        "Commented": "It has been noted that there is no need to log in to the software license information for this acceptance, thank you!",
        "Status1": "Normal",
        "Status2": "No need to fill in"
    },
    "SoftwareAcceptanceStatus": {
        "1": "新登錄",
        "2": "驗收人填寫中",
        "3": "SAM確認中",
        "4": "已生效",
        "5": "無需填寫"
    },
    "SoftwareLicense": {
        "Title": "授權碼/授權檔案",
        "Description1": "本次採購數量",
        "Description2": ",軟體授權碼/授權檔給予方式:",
        "OneToOne": "一對一(一套對應一個授權碼/授權檔案)",
        "OneToMany": "一對多(只有一個授權碼/授權檔案給多套使用)",
        "Not": "無授權碼/授權檔",
        "Id": "編號",
        "Code": "License Key ID",
        "Type": "類型",
        "Name": "License Key/File",
        "Status": "狀態",
        "ChangeMessage": "已有電腦使用License Key ID，若要變更授權檔給予方式，原先電腦指定使用的License Key ID將全數被清除，確定嗎?"
    },
    "SoftwareLicenseStatus": {
        "0": "未使用",
        "1": "已使用",
        "2": "重覆使用"
    },
    "SoftwarePayment": {
        "Name": "Software Name",
        "Version": "Version"
    },
    "MaHsitory": {
        "Id": "Software Id",
        "ExtensionCount": "Extension Count",
        "WarrantyStartDate": "Warranty Start Date",
        "WarrantyEndDate": "Warranty End Date",
        "PurchaseId": "Purchase Id",
        "PurchaseYear": "Purchase Year",
        "MaCertification": "Ma Certification",
        "Description": "Description",
        "DeleteConfirmByUnderOne": "This acceptance order must have at least one MA record, this data cannot be deleted",
        "DeleteConfirmByOverOne": "You want to delete the MA record now, please confirm whether the original authorized quantity has been replied?",
        "Name": "軟體名稱",
        "AddOrSaveMessage": "此處請依MA合約內容如實填寫；原授權到期資料的授權數量、使用數量、保固迄日，請依實際狀況於上方軟體授權主檔處修改，以利原安裝人可繼續使用；若部份需要轉移至新授權，也請於上方軟體授權主檔處新增新的授權資料"
    },
    "SoftwareUsage": {
        "AssetsCode": "Assets Code",
        "AssetsSubCode": "Assets Sub Code",
        "PcName": "Pc Name",
        "Admin": "Admin",
        "Dept": "Admin Dept",
        "AuthEmpNo": "Auth Emp No",
        "SoftwareLicenseId": "Software License",
        "ActualVersion": "Actual Version",
        "TrialStartDate": "Trial Start Date",
        "TrialEndDate": "Trial End Date",
        "Type": "Physical / virtual machine",
        "SaveOrUpdateMessage": "系統將依此計算庫存數並更新，確定嗎？",
        "Deploy": "配置中"
    },
    "SoftwareUsageType": {
        "0": "實體機",
        "1": "虛擬機"
    },
    "informationservice": {
        "title": "Information service",
        "applicant": "Applicant",
        "project": "Project",
        "description": "Description",
        "other": "Other",
        "applicant_placeholder": "Please enter applicant",
        "project_placeholder": "Please enter project",
        "description_placeholder": "Please description ",
        "StartDate": "StartDate",
        "EndDate": "EndDate",
        "softwarerequirements": "Software requirements",
        "APPLYType": "Apply type",
        "softwareapplicationinstallation": "Software application installation",
        "softwaretrialinstallation": "Software trial installation",
        "addsoftware": "Add software",
        "softwarename": "SoftwareName",
        "paid/free": "Paid/Free",
        "pricing": "Pricing",
        "authorityunit": "AuthorityUnit",
        "softwareOwner": "SoftwareOwner",
        "vendor": "Vendor",
        "demandversion": "DemandVersion",
        "demandamound": "Demandamound",
        "sameasthefirst": "Sameasthefirst",
        "installcomputercustodian": "Installcomputercustodian",
        "assetNumber": "AssetNumber",
        "computername": "ComputerName",
        "location": "Location",
        "rad": "",
        "Code": "Code",
        "AsseetId": "AssetId",
        "AsseetChrildId": "AssetChrildId",
        "PCName": "PCName",
        "Admin": "Admin",
        "Dept": "Dept",
        "AsseetType": "AssetType",
        "SAPType": "SAPType",
        "floor": "floor",
        "SAPName": "SAPName",
        "demandversion_placeholder": "Please enter version",
        "demandamound_placeholder": "Please enter quantity",
        "ApllyType": "Aplly Type",
        "DemandDate": "Demand Date",
        "SendErrorMsg": "Installation information is missing",
        "CheckSoftwareOwner": "The person in charge of the software you choose must be the same person. If there are more than two persons in charge, please separate the bill of lading, thank you",
        "CheckSoftwareSelect": "Choose Software",
        "OwnerDeptName": "Owner Dept Name",
        "ComputerUseType": "Computer Use Type",
        "ComputerUseSubType": "Computer Use Sub Type",
        "EquipmentName": "Equipment Name",
        "project_sub": "申請子項目",
        "TrialDate": "試用日期"
    },
    "deploy": {
        "title": "軟體配置單",
        "tryDate": "試用起訖",
        "deploy": "軟體配置",
        "ActualVersion": "實際安裝軟體版本",
        "AuthorizationMethod": "授權方式",
        "Owner": "掛帳人",
        "Action": "動作",
        "Status": "配置狀態",
        "Memo": "備註",
        "complete": "完成配置",
        "Cancel": "需求取消"
    },
    "SoftwareList": {
        "Id": "軟體編號",
        "Name": "軟體名稱",
        "FormatId": "軟體編號",
        "Version": "軟體版本",
        "StockCount": "庫存數量",
        "AttributionUnit": "權責單位",
        "SoftTypeName": "軟體分類",
        "AuthTypeName": "授權方式",
        "AuthorizationTypeValue": "授權方式"
    },
    "SoftwareLicenseList": {
        "Id": "License Key ID",
        "Code": "License Key ID",
        "Name": "License Key / File",
        "StatusShow": "狀態"
    },
    "DeployQueryList": {
        "FormName": "查詢未結案之軟體配置單",
        "Id": "軟體配置編號",
        "Name": "表單名稱",
        "Status": "表單狀態",
        "Applicant": "申請人",
        "ApplicantDept": "申請人部門",
        "Date": "申請日期",
        "ApplyNo": "軟體申請單編號",
        "Type": "類別(申請安裝/試用安裝)",
        "ServiceClass": "服務主分類",
        "ServiceSubClass": "服務次分類",
        "ServiceSubProject": "服務項目"
    },
    "Change": {
        "title": "資訊服務異動",
        "applicant": "申請人",
        "project": "申請項目",
        "description": "異動需求說明",
        "applicant_placeholder": "請輸入申請人",
        "project_placeholder": "請輸入申請項目",
        "description_placeholder": "請輸入異動需求說明",
        "softwarerChangeEquirements": "軟體異動需求",
        "softwarename": "軟體名稱",
        "authorization": "授權方式",
        "assetnumber": "安裝資產編號",
        "computername": "安裝電腦名稱",
        "custodian": "資編保管人",
        "bookkeeper": "授權掛帳人",
        "location": "安裝地點",
        "Type1Source": "選擇欲異動之軟體:",
        "Type1Target": "指定安裝電腦的新保管人:",
        "Type2Source": "選擇欲回收之軟體:",
        "Type3Source": "選擇欲保留之軟體:",
        "Type3Target": "保留部門:",
        "department": "保留部門",
        "Type4Source": "選擇保留軟體之掛帳部門:",
        "Type4Target": "指定安裝電腦的新保管人:",
        "Qty": "保留數量",
        "UseQty": "欲轉使用數量",
        "Type5Target": "指定新保留部門:",
        "softwareVersion": "軟體版本",
        "Type6Source": "選擇欲升降版之軟體:",
        "Type6Target": "指定軟體版本:",
        "softwareNewName": "新軟體名稱",
        "Type7Source": "選擇By User之授權軟體:",
        "Type7Target": "指定安裝電腦的新保管人:",
        "Type8Source": "選擇By Keypro之授權軟體:",
        "Type8Target": "指定新軟體鎖掛帳人:",
        "CheckItems": "至少要選擇一筆資料",
        "CheckQty": "保留數量不可大於庫存數量",
        "CheckPIC": "您選擇的軟體負責人需為同一人，若有兩位以上的負責人，請分開填單，謝謝!",
        "Remark": "備註",
        "ActualVersion": "實際安裝軟體版本",
        "License": "License Kye / File",
        "Status": "狀態",
        "RefUri": "軟體申請單編號"
    },
    "ChangeFormStatus": {
        "1": "處理中",
        "2": "已派工"
    },
    "SoftwareWarrantyTrack": {
        "Title": "Generate a tracking order before the contract expires",
        "Title2": "Software license expiration data",
        "Title3": "Expiration processing practices",
        "Title4": "Expiry treatment practices (leasing)",
        "Title5": "Tracking Contract Expiry Tracking Order",
        "Continue": "Renew",
        "NotContinue": "Not renew",
        "Removed": "Removed",
        "Id": "Id",
        "FormStatus": "Form status",
        "Signator": "Signator",
        "Title1": "合約到期追蹤單",
        "ContinueMessage": "請記得做好軟體版權登錄及使用狀況更新：1.維護新續約的軟體授權，2. 視需要調整原軟體授權的套數或期限，以利原安裝人繼續使用 3. 視需要更新軟體使用狀況。",
        "NotContinueMessage": "請記得做好軟體版權登錄及使用狀況更新：1. 視需要調整不續約的軟體授權可用版本，2. 視需要移除軟體或軟體降版，3.更新軟體使用狀況。",
        "RemoveMessage": "軟體使用狀況主檔將移除此筆紀錄，確定嗎？"
    },
    "SoftwareTrialTrack": {
        "Title1": "Track trial due",
        "Title2": "Trial expiry processing",
        "Id": "Trial expired tracking order number",
        "FormName": "Form name",
        "FormStatus": "Form status",
        "Signator": "Signator",
        "TrialStartDate": "Trial Start Date",
        "TrialEndDate": "Trial End Date",
        "TrialProcess": "Expiration processing practices",
        "Removed": "Removed",
        "NotRemoved": "Not removed",
        "Title3": "軟體試用內容",
        "Title4": "到期處理做法",
        "RemoveMessage": "軟體使用狀況主檔將移除此筆紀錄，確定嗎？"
    },
    "MaintenancePC": {
        "Source": "舊機主資產",
        "Target": "新機主資產",
        "Code": "Company Code",
        "AsseetId": "主資產編號",
        "AsseetChrildId": "子資產編號",
        "PCName": "電腦名稱",
        "Admin": "保管人姓名",
        "Dept": "保管人部門",
        "Add": "選擇資產編號",
        "Msg": "系統將依您勾選之軟體移轉到您指定的資產編號中，確定嗎?"
    },
    "HardwareAndSoftwareAsseet": {
        "Title": "Query software installation status by hardware assets",
        "ConfirmSoftwareReset": "The system will replace the previously configured software with the new software you specified. Are you sure?",
        "ConfirmSoftwareReUsage1": "您選擇了多個資產編號，請問您確定所有勾選的電腦都要回收該軟體?",
        "ConfirmSoftwareReUsage2": "您選擇了多個軟體編號，請問您確定所有勾選的軟體都要進行回收?",
        "ConfirmSoftwareRecycling": "您確定要將所勾選之軟體從該硬體帳上移除嗎? 此動作將同時把軟體帳歸還庫存，確定嗎？",
        "MultipleAuthEmpNo": "您選擇的軟體需要指定”授權掛帳人”，因此無法批次作業",
        "MultipleLicense": "您選擇的軟體需要指定License Key ID，因此無法批次作業",
        "OriUsage": "原軟體及LicenseKeyID",
        "NewUsage": "新軟體及LicenseKeyID"
    },
    "SoftInstall": {
        "Target": "出機資產",
        "Target2": "請選擇出機預設軟體",
        "Target3": "請選擇出機指定軟體",
        "Code": "Company Code",
        "AsseetId": "主資產編號",
        "AsseetChrildId": "子資產編號",
        "PCName": "電腦名稱",
        "Admin": "保管人姓名",
        "Dept": "保管人部門",
        "Add": "新增指定軟體",
        "Msg": "系統將以您勾選之出機軟體及新增之指定軟體掛帳到您所選擇的資產編號中，確定嗎? ",
        "SoftwareDefaultTypeName": "出機軟體分類",
        "TypeName": "軟體分類",
        "ID": "軟體編號",
        "FormatId": "軟體編號",
        "SoftName": "軟體名稱",
        "Version": "軟體版本",
        "AuthorizationValue": "授權方式",
        "Authorization": "授權方式",
        "PurchaseId": "採購單號",
        "Updater": "修改者",
        "UpdateDT": "修改日期",
        "AssignVersion": "實際安裝軟體版號",
        "LicenseName": "License Key ID",
        "AuthEmpName": "授權掛帳人",
        "PurchaseCount": "授權數量",
        "PurchaseYear": "採購年度",
        "StockCount": "庫存數量"
    },
    "SoftReport": {
        "Tab1": "軟體授權尚未生效",
        "Tab2": "軟體使用量異常",
        "Tab3": "權責單位負責人異常",
        "Id": "軟體編號",
        "Status": "狀態",
        "Name": "軟體名",
        "Version": "軟體版本",
        "Lease": "是否為租賃",
        "AuthorizationTypeName": "授權方式",
        "PurchaseCount": "授權數量",
        "UsingCount": "使用數量",
        "StockCount": "庫存數量",
        "WarrantyStarthate": "保固(租賃)起日",
        "WarrantyEndDate": "保固(租賃)迄日",
        "SoftTypeName": "軟體分類",
        "ApproveEmpNo": "軟體驗收人工號",
        "ApproveEmp": "軟體驗收人姓名",
        "AttributionUnit": "軟體權責單位",
        "PurchaseYear": "採購年度"
    },
    "UsageReport": {
        "Tab1": "安裝電腦異常",
        "Tab2": "安裝軟體異常",
        "Tab3": "授權掛帳人異常",
        "AssetsCode": "資產編號",
        "Status": "狀態",
        "PcName": "電腦名稱",
        "AuthId": "軟體編號",
        "SoftName": "軟體名",
        "Version": "軟體版本",
        "AVersion": "實裝軟體版本",
        "AuthorizationTypeName": "授權方式",
        "AuthorizationEmp": "授權掛帳人"
    },
    "SamSwTrackReport": {
        "Title1": "保固(租賃)到期未處理",
        "Title2": "試用到期未處理"
    },
    "HSAMUsage": {
        "Title": "依硬體資產查詢軟體安裝狀況",
        "ThTitle1": "硬體相關",
        "ThTitle2": "軟體相關",
        "SMainAssetNo": "主資產編號",
        "SSubAssetNo": "子資產編號",
        "AComputerName": "電腦名稱",
        "SNameCh": "保管人姓名",
        "SDept": "保管人部門",
        "UOwnerDeptId": "電腦權責單位",
        "UOwnerDeptName": "電腦權責單位",
        "UComputerUseType": "電腦用途主分類",
        "UComputerUseSubtype": "電腦用途次分類",
        "ID": "軟體編號",
        "Name": "名稱",
        "ActualVersion": "版本",
        "AttributionUnit": "軟體權責單位",
        "SoftTypeName": "軟體分類",
        "SoftwareLicenseName": "License Key ID",
        "AuthEmpName": "授權掛帳人",
        "TrialStartDate": "試用起日",
        "TrialEndDate": "試用迄日"
    },
    "DataMigration": {
        "Title": "data migration",
        "Append": "Append",
        "Renew": "Renew",
        "ImportExcel1": "Software License Payment",
        "ImportExcel2": "Software License Free",
        "ImportConfirm": "This action will remove all the data ,are you sure?"
    },
    "PaidSoftwareUsage": {
        "Title1": "Query / Download / Upload the Use of Scientific Software",
        "Title2": "Package software usage",
        "Title3": "Application usage",
        "Title4": "Trial software usage",
        "DownloadMessage": "檔案已成功下載，系統依軟體授權數已展開應填寫之列數，若有授權並完成安裝，請填寫或更新白色儲存格部分(Sheet2/Sheet3/Sheet4)；若沒有安裝則欄位空白即可，請勿任意刪除資料列。"
    },
    "OA": {
        "Title1": "OA computer software check operation",
        "Title2": "軟體未申請資訊",
        "Title3": "保管人回複處理方式",
        "Title4": "軟體負責人確認",
        "Title5": "無XIT資料供比對之資產清單",
        "Id": "Id",
        "FlowStatus": "Status",
        "SignatoryName": "Signatory Name",
        "Name": "Name",
        "Version": "Version",
        "MainAssetNo": "Main AssetNo",
        "SubAssetNo": "Sub AssetNo",
        "PcName": "Computer Name",
        "CompanyCode": "Company Code",
        "ProcessType": "Process Type",
        "SystemCheckStartUp": "System Check StartUp",
        "SystemCheckSendMail": "System Check Send Mail",
        "Exclude": "Exclude",
        "XitCheck": "No Xit Check",
        "EmpName": "Emp Name",
        "EmpDept": "Emp Dept",
        "ProcessingTypeDescription0": "",
        "ProcessingTypeDescription1": "軟體有授權，補授權資料",
        "ProcessingTypeDescription2": "軟體未授權，補申請安裝",
        "ProcessingTypeDescription3": "軟體未授權，將移除軟體",
        "ProcessingTypeDescription4": "其他",
        "PurchaseId": "PurchaseId",
        "CertificateFile": "Certificate File",
        "ApplyNo": "Apply No",
        "Remark": "Remark",
        "SystemCheck": "System Check",
        "Pass": "Check Result: Pass",
        "NotPass": "Check Result: Not Pass",
        "BatchStartUp": "Batch StartUp...",
        "Adminstart": "管理者啟動",
        "Autostart": "定期啟動",
        "Calendar": "啟動日期:"
    },
    "SoftwareInventory": {
        "Title": "自主管理電腦盤點設定及啟動盤點",
        "add": "新增盤點期別",
        "Edit": "編輯",
        "Id": "期別編號",
        "StartDate": "盤點起日",
        "EndDate": "盤點迄日",
        "RandStartDate": "抽盤起日",
        "RandEndDate": "抽盤迄日",
        "Status": "盤點狀態",
        "UpdaterEmpNo": "最後修改人",
        "UpdateDate": "最後修改時間",
        "Title2": "盤點基本資料維護表",
        "Unit": "權責代表",
        "UnitId": "權責單位",
        "EmpNo": "權責單位代表",
        "BackEmpNo": "權責單位代表 backup",
        "Proportion": "抽盤比例",
        "Save": "儲存",
        "Save2": "設定盤點開始(轉檔)",
        "Save3": "設定抽盤開始(選定標的)",
        "Save4": "盤點結束",
        "Save5": "發出盤點追蹤單",
        "Save6": "盤點作廢"
    },
    "SoftwareInventoryCheck": {
        "Check1": "請選擇盤點起日",
        "Check2": "請選擇盤點迄日",
        "Check3": "請選擇抽盤起日",
        "Check4": "請選擇抽盤迄日"
    },
    "SoftwareInventorySettingStatus": {
        "0": "新建立",
        "1": "盤點進行中",
        "2": "抽盤進行中",
        "3": "盤點結束",
        "4": "作廢"
    },
    "SoftwareInventoryStatus": {
        "0": "未選取",
        "1": "盤盈",
        "2": "盤虧",
        "3": "盤盈+盤虧",
        "4": "帳料一致",
        "5": "無法盤點"
    },
    "SelfComputerRegister": {
        "Title1": "個人電腦軟體盤點登錄",
        "Title2": "立帳軟體",
        "Title3": "XIT輔助報表",
        "Title4": "無須立帳軟體",
        "InventoryDate": "軟體盤點期別",
        "InventorySearch": "盤點資料查詢",
        "InventoryStatus": "軟體盤點結果",
        "SettingInventoryStatus": "設定盤點結果",
        "InventoryComment": "(無法盤點說明:)",
        "ViewSoftware": "顯示立帳軟體",
        "ViewXITReport": "顯示XIT輔助報表",
        "Comment": "說明",
        "PleaseInputComment": "請填寫無法盤點說明",
        "ViewNotSoftware": "無須立帳軟體",
        "Status": "狀態:"
    },
    "UnitComputerRegister": {
        "Title1": "單位電腦軟體抽盤登錄",
        "Title2": "立帳軟體",
        "Title3": "XIT輔助報表",
        "Title4": "無需立帳軟體",
        "InventoryDate": "軟體盤點期別",
        "InventorySearch": "抽盤資料查詢",
        "InventoryStatus": "軟體抽盤結果",
        "SettingInventoryStatus": "設定抽盤結果",
        "InventoryComment": "(無法盤點說明:)",
        "ViewSoftware": "顯示立帳軟體",
        "ViewXITReport": "顯示XIT輔助報表",
        "Comment": "說明",
        "PleaseInputComment": "請填寫無法盤點說明",
        "ViewNotSoftware": "無需立帳軟體",
        "Status": "狀態:"
    },
    "SamSwInventoryAssets": {
        "Title1": "盤點及追蹤單明細表",
        "Title2": "立帳軟體",
        "Title3": "XIT輔助報表",
        "Title4": "無需立帳軟體",
        "Title5": "軟體盤點追蹤單",
        "Title6": "付費軟體盤點結果",
        "Title7": "請輸入盤盈軟體清單",
        "Title8": "請勾選盤虧軟體",
        "InventoryDate": "軟體盤點期別",
        "InventorySearch": "抽盤資料查詢",
        "InventoryStatus": "軟體盤點結果",
        "InventoryRandStatus": "軟體抽盤結果",
        "SettingInventoryStatus": "設定抽盤結果",
        "ViewSoftware": "顯示立帳軟體",
        "ViewXITReport": "顯示XIT輔助報表",
        "Comment": "說明",
        "SignFormNo": "軟體盤點追蹤單",
        "FormStatus": "追蹤單狀態",
        "IsRand": "抽盤標的",
        "ProcessType": "回覆處理做法",
        "Remark1": "補充資訊1",
        "Remark2": "補充資訊2",
        "Add": "新增軟體盤盈",
        "ConfirmType": "負責人最後確認",
        "OtherRemark": "其他說明"
    },
    "SamSwInventoryProcessType": {
        "1": "軟體未授權，將移除軟體",
        "2": "軟體為合格授權軟體，補授權資訊",
        "3": "其他"
    },
    "ReportInventory": {
        "Title1": "盤點追蹤單完成率統計表",
        "AttributionUnit": "權責單位",
        "AbnormalCount": "異常筆數",
        "ProcessedCount": "已處理筆數",
        "UnprocessedCount": "未處理筆數",
        "ExacutiveRate": "執行率(%)"
    },
    "InventoryStatistical": {
        "Title": "盤點統計表",
        "Search": "盤點資料查詢",
        "SettingSelect": "軟體盤點期別:",
        "Status": "狀態:",
        "Dept": "權責單位",
        "ShouldCount": "應盤筆數",
        "AlreadyCount": "已盤筆數",
        "NotCount": "未盤筆數",
        "Rate": "完成率(%)",
        "MatchCount": "帳料符合筆數",
        "NMatchCount": "帳料不符筆數",
        "UnableCount": "無法盤點筆數",
        "Msg": "該期別尚未完成盤點，無統計資料。"
    },
    "InventoryStatistical2": {
        "Title": "抽盤統計表",
        "Search": "抽盤資料查詢",
        "SettingSelect": "軟體盤點期別:",
        "Status": "狀態:",
        "Dept": "權責單位",
        "ShouldCount": "抽盤筆數",
        "AlreadyCount": "已盤筆數",
        "NotCount": "未盤筆數",
        "Rate": "完成率(%)",
        "MatchCount": "抽盤相符筆數",
        "NMatchCount": "抽盤不符筆數",
        "UnableCount": "不符率(%)",
        "Msg": "該期別尚未完成抽盤，無統計資料。"
    },
    "InventoryStatisticalD": {
        "Title": "盤點及追蹤單明細表",
        "SettingSelect": "軟體盤點期別:",
        "Status": "狀態:",
        "FlowID": "軟體盤點追蹤單",
        "FlowStatus": "追蹤單狀態",
        "InventoryStatus": "軟體盤點結果",
        "RandInventoryStatus": "軟體抽盤結果",
        "RandInventory": "抽盤標的",
        "SCompanyCode": "Company Code",
        "SMainAssetNo": "主資產編號",
        "SSubAssetNo": "子資產編號",
        "AComputerName": "電腦名稱",
        "SNameCh": "保管人姓名",
        "SDept": "保管人部門",
        "UOwnerDeptId": "電腦權責單位",
        "SEquipmentName": "電腦設備名稱",
        "SFloorDesc": "位置樓層",
        "View1": "顯示立帳軟體",
        "View2": "顯示XIT輔助報表",
        "InventoryComment": "說明"
    },
    "SoftwareDefault": {
        "Title": "維護電腦出機軟體清單",
        "SoftType": "出機軟體分類",
        "Dialog1": "新增付費軟體",
        "Dialog2": "新增免費軟體",
        "Dialog3": "出機軟體分類管理",
        "Name": "分類名稱",
        "EnName": "分類英文名稱"
    },
    "ServiceProject": {
        "CgType1": "安裝電腦啟動",
        "CgType2": "軟體回收",
        "CgType3": "使用轉保留",
        "CgType4": "保留轉使用",
        "CgType5": "保留部門異動",
        "CgType6": "軟體升降版",
        "CgType7": "授權新增軟體",
        "CgType8": "軟體鎖異動",
        "YY_0003": "測試主項目",
        "YY_HA01": "軟體",
        "YY_HA02": "軟體"
    },
    "SignButton": {
        "Draft": {
            "Send": "送件",
            "Save": "儲存"
        },
        "Start01": {
            "Approve": "核准",
            "Rejected": "退件"
        },
        "OwnerFillIn": {
            "Invalid": "作廢",
            "Closed": "結案"
        },
        "PSamAdminConfirm": {
            "Approve": "核准",
            "Rejected": "退件"
        },
        "FSamAdminConfirm": {
            "Closed": "結案",
            "Rejected": "退件"
        },
        "SamAdminConfig": {
            "Save": "儲存",
            "Closed": "結案"
        },
        "SamAdminConfirm": {
            "Approve": "核准",
            "Rejected": "退件"
        },
        "EqOwnerFillIn": {
            "Approve": "核准",
            "Rejected": "退件"
        },
        "DynamicCosign": {
            "Approve": "核准",
            "Rejected": "退件"
        },
        "HQRespUnitConfirm": {
            "Approve": "核准",
            "Rejected": "退件"
        }
    },
    "Setting": {
        "RoleManagement": "角色管理",
        "Status": "狀態",
        "Department": "部門",
        "Name": "姓名",
        "Action": "操作",
        "UserManagement": "人員管理",
        "MemberAccount": "員工帳號",
        "PermissionSetting": "功能權限設定",
        "RoleGroup": "角色管理",
        "PermissionInfo": "維護人員角色權限",
        "SearchDate": "查詢日期",
        "AccessLogReaderDate": "閱讀時間",
        "AccessLogId": "表單/主檔編號",
        "AccessLogName": "功能/表單名稱",
        "AccessLogReader": "閱讀者",
        "AccessLogInfo": "Access Log Query"
    },
    "FAQ": {
        "List": "清單",
        "AnnouncementContent：": "內容",
        "FaqDepartment": "發佈部門",
        "Action": "功能",
        "AnnouncementTitle": "標題",
        "FaqNumber": "編號",
        "Category": "類別",
        "FaqPublisher": "發佈者"
    }
}