{
    "Warning": "旺宏電子股份有限公司基於業務需要及安全等目的，得於本系統內蒐集、處理或利用台端之個人資料。尚請 台端提供上表各欄所載之個資及資訊，並確認相關資訊正確無誤。關於台端提供之個資，台端亦得依法請求查詢、製給複製本、補充更正、請求停止蒐集、處理、利用或刪除。",
    "sysdescr": "本系統之表單內容可能涉及個人資料，僅限公司業務範圍內使用。",
    "Logout": "登出",
    "Signin": "登入",
    "SystemAdminPhone": "系統管理員專線電話 75864",
    "SystemMaintainerPhone": "系統維護員專線電話 75911",
    "PCMaintainerPhone": "電腦報修專線電話 79999",
    "Form": {
        "Success": "成功",
        "Fail": "失敗"
    },
    "Announcement": {
        "AnnouncementTab": "公告欄",
        "Title": "標題",
        "LinkUrl": "連結",
        "CreateDT": "建立日期"
    },
    "Message": {
        "DeleteSuccess": "刪除成功",
        "DeleteFail": "刪除失敗",
        "AddSuccess": "新增成功",
        "AddFail": "新增失敗",
        "EditSuccess": "編輯成功",
        "EditFail": "編輯失敗",
        "Succeed": "執行成功",
        "Failed": "執行失敗",
        "Confrim": "確定刪除?",
        "Select": "請選擇...",
        "ConfrimProcess": "確定執行?",
        "ConfrimHaveDetails": "此刪除會將子項目全部移除，確定刪除?",
        "Delete": "刪除"
    },
    "Button": {
        "add": "新增",
        "AddMember": "新增人員",
        "AddRole": "新增角色",
        "addemp": "新增人員",
        "approve": "核准",
        "approved": "核定",
        "cancel": "取消",
        "confirm": "確認",
        "YES": "確定",
        "choose": "選擇",
        "delete": "刪除",
        "displayonly": "唯讀",
        "leave": "離開",
        "edit": "編輯",
        "newsys": "新系統",
        "save": "儲存",
        "submit": "送件",
        "search": "搜尋",
        "upload": "上傳",
        "MultipleUpload": "批次上傳",
        "download": "下載",
        "reject": "退回上一關",
        "rejected": "拒絕",
        "sysconfig": "系統功能．．．",
        "close": "結案",
        "ComputerOut": "電腦出機作業",
        "ComputerRepair": "電腦維修作業",
        "ComputerRecycling": "電腦軟體回收作業",
        "SoftwareReset": "軟體重新配置作業",
        "ChooseOtherAuth": "選擇其他軟體授權",
        "ChooseOtherLicense": "選擇軟體Key ID",
        "AllSelected": "全選",
        "ChangeApprover": "變更簽核人"
    },
    "Fake": {
        "type1": "(申請人確認中)",
        "type0": "草稿",
        "Username": "使用者名稱",
        "Searchbybrand": "以...搜尋",
        "Physicalmachine": "實體機",
        "Virtualmachine": "虛擬機",
        "Available": "可選擇",
        "Selected": "已選擇",
        "Dept": "部門",
        "EmployeeNo": "員工編號",
        "EmployeeName": "員工姓名",
        "Extension": "擴充",
        "chooserole": "請選擇角色"
    },
    "Demo": {
        "account": "帳號",
        "account_placeholder": "請輸入帳號",
        "createdate": "建立日期",
        "createdate_placeholder": "請選擇日期",
        "id": "流水號",
        "Content": "內容",
        "Date": "日期"
    },
    "SoftwareAvailable": {
        "miss": "缺少",
        "add": "新增",
        "Edit": "編輯",
        "SoftwareTypeSelect": "請選擇",
        "CheckDelete": "確定要刪除?",
        "EditFreeXIT": "維護軟體細項(for XIT)",
        "SoftwareAvailableTitle": "查詢/維護軟體可申請清單",
        "SoftwareAvailableFreeTitle": "查詢/維護免費軟體清單",
        "ModifyDate": "最後修改時間",
        "ModifyEmp": "最後修改人",
        "Status": "簽核流程停用",
        "Name": "申請名稱",
        "FreeId": "免費軟體編號",
        "FreeName": "免費軟體名稱",
        "PaymentType": "付費/免費",
        "Free": "免費",
        "Payment": "付費",
        "SoftwareTypeName": "軟體分類",
        "DeptName": "權責單位",
        "AttributionUnit": "權責單位",
        "Enable": "是否開啟申請",
        "IsTrial": "可試用",
        "PreInstalled": "預先安裝",
        "CorpName": "原廠廠商",
        "Price": "軟體定價",
        "Remark": "備註",
        "Remark2": "備註2"
    },
    "file-upload": {
        "file-upload": "附件上傳",
        "Selectfile": "瀏覽文件"
    },
    "Verification": {
        "Required": "欄位為必填",
        "More": "必須大於0",
        "OverStockCount": "大於庫存",
        "OnlyNumber": "僅可輸入數字"
    },
    "MaintenanceSoftware": {
        "Title": "維護軟體管理主檔",
        "delete": "",
        "Name": "授權方式",
        "ManageType": "使用數管理方式",
        "ManageUnit": "控制單位",
        "ModifyEmpNO": "修改者",
        "ModifyDate": "修改日期"
    },
    "MaintenanceSoftwareType": {
        "Title": "維護各單位軟體分類負責人",
        "delete": "",
        "Id": "權責單位",
        "EmpNo": "權責單位代表",
        "BackEmpNo": "權責單位代表 backup",
        "Name": "軟體分類",
        "PaymentSamNo": "付費軟體SAM",
        "PaymentSamNoBack": "付費軟體SAM backup",
        "FreeSamNo": "免費軟體SAM",
        "FreeSamNoBack": "免費軟體SAM backup",
        "STUpdaterEmpNo": "修改者",
        "STUpdateDate": "修改日期",
        "Using": "使用中"
    },
    "header": {
        "SoftwareTypeId": "權責單位代表",
        "SoftwareTypeEmpNo": "權責單位代表backup",
        "EmpList": "人員選單",
        "Addsoftwarelist": "新增軟體清單",
        "Addsoftwareform": "新增軟體表單",
        "Listofasset": "資產編號清單",
        "Computercustodian": "電腦保管人表單",
        "VIPstaff": "VIP人員選單",
        "VIPcharacter": "VIP角色編輯選單",
        "MemberList": "人員選單",
        "DeptList": "部門選單",
        "AuthList": "軟體選單",
        "LicenseList": "License Kye / File 配置選單",
        "MaList": "Ma延續的軟體授權",
        "MaintenancePC": "電腦維修作業",
        "SoftwareReset": "軟體重新配置作業",
        "MaReport": "軟體MA報表",
        "SoftInstall": "電腦出機作業",
        "SoftReport": "付費軟體異常報表",
        "UsageReport": "使用狀況異常報表",
        "SamSwTrackReport": "到期追蹤單未處理報表",
        "AvailableList": "可申請軟體清單",
        "ChangeApprover": "變更當站簽核人",
        "SAMAuthNotActive": "查詢/維護軟體授權清單(未生效)"
    },
    "SoftwareChangeLog": {
        "SystemTitle": "維護軟體管理變更紀錄",
        "Title": "標題",
        "Old": "變更前",
        "New": "變更後",
        "Remark": "備註",
        "UpdateDate": "變更時間",
        "EmpNo": "人員",
        "Action": "動作"
    },
    "SoftwareFree": {
        "Title": "維護免費軟體細項",
        "Name": "名稱",
        "Version": "版本"
    },
    "SoftwareKeep": {
        "Title": "軟體保留清單",
        "SoftwareTypeId": "軟體編號",
        "Name": "名稱",
        "Version": "版本",
        "Lease": "是否為租賃?",
        "KeyMappingType": "授權方式",
        "PurchaseCount": "授權數量",
        "UsingCount": "使用數量",
        "DeptId": "保留部門",
        "KeepCount": "保留數量",
        "AuthEmpNoName": "授權掛帳人",
        "ConfirmByDevice": "此欄位為系統自動計算，將同步修改軟體庫存數量，您確定要修改嗎?",
        "ConfirmByUser": "此欄位為系統自動計算，將同步修改軟體庫存數量，您確定要修改嗎?"
    },
    "SoftwareAuthorization": {
        "Title": "新增軟體授權 – 依驗收單",
        "Title2": "軟體授權主檔",
        "Title3": "新增軟體授權 – 無驗收單(補登)",
        "Title4": "查詢維護軟體授權清單(已生效)",
        "LicenseFileAndKey": "授權碼/授權檔",
        "SoftwareInstallAndStatus": "軟體安裝及使用狀況",
        "MA": "後續的MA",
        "SoftwareKeep": "部門保留軟體",
        "SoftwareDetails": "軟體細項",
        "SoftwareChangeLog": "變更紀錄",
        "SoftwareAcceptanceYear": "軟體驗收年度",
        "SoftwareAcceptanceOrder": "軟體驗收單",
        "Id": "軟體編號",
        "FormatId": "軟體編號",
        "SoftwareTypeId": "軟體分類",
        "Name": "軟體名稱",
        "Version": "版本",
        "Lease": "是否為租賃?",
        "AuthorizationTypeId": "授權方式",
        "PurchaseCount": "授權數量",
        "UsingCount": "使用數量",
        "StockCount": "庫存數量",
        "Enable": "開放申請?",
        "SoftwareAvailableListId": "申請名稱",
        "WarrantyStartDate": "保固(租賃)起日",
        "WarrantyEndDate": "保固(租賃)迄日",
        "AttributionUnit": "軟體權責單位",
        "ApproveEmpNo": "軟體驗收人工號",
        "ApproveEmp": "軟體驗收人",
        "PurchaseId": "採購單號",
        "Price": "單價",
        "CertificateFile": "授權證明附檔",
        "SourceUrl": "來源網址",
        "DealerName": "經銷商",
        "CorpName": "原廠",
        "Remark": "備註",
        "PurchaseYear": "採購年度",
        "UpdaterEmpNo": "修改者",
        "UpdateDate": "修改日期",
        "ChangeAuthorizationTypeMessage": "此欄位為系統自動計算，若修改可能與系統紀錄不符，您確定要修改嗎?",
        "DeactivateMessage": "您有異動此筆授權資料，請按下儲存以完成變更，否則此異動將不會更新，確定要離開?",
        "InputComment": "請填寫修改原因"
    },
    "StatusCodeMessage": {
        "0": "執行成功",
        "1": "執行失敗",
        "2": "執行失敗，發生了意外錯誤",
        "3": "權限不足",
        "100": "請填寫軟體名稱",
        "101": "請填寫保固(租賃)起日/迄日",
        "102": "保固(租賃)迄日不得小於起日",
        "103": "請先選擇驗收單號",
        "104": "請填寫授權數量(僅可輸入數字)",
        "105": "請選擇開放申請",
        "106": "請選擇是否為租賃",
        "107": "請選擇授權方式",
        "108": "此授權方式：依軟體鎖，不開放保留作業",
        "109": "資料已存在",
        "110": "此選項無法選擇",
        "111": "請填寫驗收單號",
        "112": "資料空白請填寫",
        "113": "至少選擇一項",
        "114": "參數錯誤",
        "115": "您尚未選擇到期處理做法",
        "116": "您需完成續約之處理，並填入報支單或驗收單才可以結案",
        "117": "請選擇軟體分類編號",
        "118": "資料空白請選擇",
        "119": "請填寫授權掛帳人",
        "120": "請選擇License Key",
        "121": "採購單號、軟體授權證明 兩欄位並為必填",
        "122": "軟體申請單號 欄位並為必填",
        "123": "其他說明 欄位並為必填",
        "124": "至少勾選一筆資料",
        "125": "請填寫說明",
        "126": "該期別尚未發出追蹤單，無統計資料",
        "127": "電腦維修作業僅能針對同一資產編號進行軟體移轉，您選擇了多筆不同的資產編號，請重新選擇!",
        "128": "軟體重新配置作業僅能針對同一軟體進行批次配置，您選擇了多筆不同的軟體，請重新選擇!",
        "129": "您選擇的軟體，授權碼/檔案為一對一授權，無法批次處理，請單筆作業!",
        "130": "申請名稱與軟體分類權責單位部門不相同",
        "131": "請選擇權責單位",
        "132": "請填寫授權掛帳人",
        "133": "請填寫延續授權數量",
        "134": "請填寫採購年度(4碼數字)",
        "135": "有延續軟體授權，因此驗收單需至少有一筆MA紀錄，請點選軟體名稱，並於下方後續的MA處新增",
        "136": "請先選擇資產",
        "137": "請填寫軟體驗收人",
        "138": "請點選軟體名稱，並於下方選擇授權碼/授權檔給予方式",
        "139": "庫存數量小於0",
        "140": "因簽核關係，同一張單內\"權責單位\"及\"軟體分類\"必須一致，若有不一致情形，請您拆單處理，謝謝!",
        "141": "採購年度應為四碼西元年",
        "142": "採購單號格式錯誤(10碼數字)",
        "143": "授權數量格式錯誤(只允許數字)",
        "144": "單價格是錯誤(只允許數字)",
        "145": "請選擇可重新配置之軟體編號",
        "146": "請填寫修改原因",
        "147": "只能單選",
        "148": "License Key/File需要填寫完整",
        "149": "延續授權數量格式錯誤(只允許數字)"
    },
    "Sign": {
        "ApprovalLog": "簽核紀錄",
        "Department": "部門",
        "Signatory": "簽核人員",
        "Time": "簽核時間",
        "Result": "簽核結果",
        "Suggestion": "簽核意見",
        "FormName": "表單名稱",
        "FormNumber": "表單編號：",
        "CurrApprover": "目前簽核者：",
        "ApplicationCategory": "申請服務類別：",
        "KeyinBy": "填表人：",
        "KeyinTime": "填表時間：",
        "FormStatus": "表單狀態：",
        "required": "為必填欄位",
        "flow": "流程",
        "ApplyDesc": "申請說明:",
        "InfoSecurityDescription": "資安注意事項:",
        "signexplain": "簽核說明",
        "watchflow": "檢視流程圖",
        "isrequired": "為必填欄位！",
        "Description1": "服務申請分長短期使用",
        "Description2": "因業務需要需長期使用此服務，可申請長期使用，長期使用每半年通知部級以上主管確認續用或停用",
        "Description3": "因出差或專案期間須使用此服務，可申請短期使用，短期使用可依實際需求自行點選起訖日，短期使用到期將進行服務停用",
        "Description4": "欲停止使用此服務，可使用\"帳號權限停用\"功能提出停用申請",
        "SignComment": "您的簽核結果為{}，如有其他輔助意見，請說明於意見說明欄",
        "CommentHint": "意見說明",
        "ChangeExplain": "意見說明"
    },
    "SignBox": {
        "Pending": "待簽箱",
        "Draft": "草稿表單",
        "Processing": "進行中",
        "FormName": "表單名稱",
        "Subject": "主旨",
        "Applicant": "申請人",
        "Department": "部門",
        "FormID": "部門編號",
        "Status": "文件狀態",
        "Time": "申請時間",
        "FormNo": "表單編號"
    },
    "Type": {
        "Softward": "軟體-申請",
        "Software-Change": "軟體-異動",
        "SAMWarrantyTrack": "合約到期追蹤單",
        "SAMTrialTrack": "試用到期追蹤單",
        "SAMAuth": "軟體授權新增",
        "Hardward": "硬體",
        "Account": "帳號",
        "Complex": "綜合",
        "Draft": "驗收人填寫中",
        "SignOff": "簽核中",
        "Rejected": "拒絕",
        "Reject": "退回",
        "Program": "處理中",
        "Closed": "結案",
        "NotClosed": "未結案",
        "Approving": "核定中",
        "Deploying": "配置中",
        "Deploy": "配置中",
        "Exclude": "排除",
        "Start01": "驗收人填寫中",
        "OwnerFillIn": "負責人填寫中",
        "PSamAdminConfirm": "SAM確認中",
        "FSamAdminConfirm": "SAM填寫中",
        "SamAdminConfig": "配置中",
        "SamAdminConfirm": "ITC預審中",
        "EqOwnerFillIn": "保管人填寫中",
        "HQRespUnitConfirm": "負責人確認中",
        "SAMChecking": "SAM確認中",
        "CosignerList": "配置中",
        "null": "",
        "AutoApprov": "系統核可",
        "Invalid": "作廢",
        "SystemCreate": "System Create"
    },
    "BPMType": {
        "SAMApply": "軟體申請單",
        "SAMAuth": "新增授權單",
        "SAMChange": "軟體異動單",
        "SAMInventory": "盤點追蹤單",
        "SAMOA": "查核追蹤單",
        "SAMTrialTrack": "試用追蹤單",
        "SAMWarrantyTrack": "到期追蹤單"
    },
    "SoftwareAcceptance": {
        "Title": "驗收單",
        "Id": "報支單號或驗收單號",
        "NewId": "新報支單號或驗收單號",
        "PurchaseId": "採購單號",
        "Content": "內容說明",
        "ApproveDate": "入帳日或核定日",
        "Status": "狀態",
        "Remark": "備註",
        "Description1": "請問您此次採購的軟體類型為以下哪一種?",
        "Description2": "租賃軟體",
        "Description3": "全部為新購授權軟體",
        "Description4": "有延續授權之軟體MA",
        "Description5": "全部為與授權無關之軟體MA",
        "Description6": "授權已填寫於前次報支單或驗收單",
        "NoInput": "您所採購之軟體因與授權無關，因此無需登錄軟體授權資訊，謝謝您!",
        "Commented": "已註記此次驗收無需登入軟體授權資訊，謝謝您!",
        "Status1": "正常",
        "Status2": "無需填寫",
        "ApproveEmpNo": "驗收人工號",
        "ApproveEmpDept": "驗收人部門",
        "ApproveEmpName": "驗收人姓名",
        "FormName": "查詢驗收單登入狀態"
    },
    "SoftwareAcceptanceStatus": {
        "1": "新登錄",
        "2": "驗收人填寫中",
        "3": "SAM確認中",
        "4": "已生效",
        "5": "無需填寫"
    },
    "SoftwareLicense": {
        "Title": "授權碼/授權檔案",
        "Description1": "本次採購數量",
        "Description2": ",軟體授權碼/授權檔給予方式:",
        "OneToOne": "一對一(一套對應一個授權碼/授權檔案)",
        "OneToMany": "一對多(只有一個授權碼/授權檔案給多套使用)",
        "Not": "無授權碼/授權檔",
        "Id": "編號",
        "Code": "License Key ID",
        "Type": "類型",
        "Name": "License Key/File",
        "Status": "狀態",
        "ChangeMessage": "已有電腦使用License Key ID，若要變更授權檔給予方式，原先電腦指定使用的License Key ID將全數被清除，確定嗎?"
    },
    "SoftwareLicenseStatus": {
        "0": "未使用",
        "1": "已使用",
        "2": "重覆使用"
    },
    "SoftwarePayment": {
        "Name": "軟體元件",
        "Version": "版本"
    },
    "MaHsitory": {
        "Id": "MA編號",
        "Name": "軟體名稱",
        "ExtensionCount": "延續授權數量",
        "WarrantyStartDate": "保固起日",
        "WarrantyEndDate": "保固迄日",
        "PurchaseId": "採購單號",
        "PurchaseYear": "採購年度",
        "MaCertification": "Ma證明附檔",
        "Description": "說明",
        "DeleteConfirmByUnderOne": "此驗收單需至少有一筆MA紀錄，無法刪除此筆資料",
        "DeleteConfirmByOverOne": "您現在要刪除MA紀錄，請確認原授權數量是否已回復?",
        "AddOrSaveMessage": "此處請依MA合約內容如實填寫；原授權到期資料的授權數量、使用數量、保固迄日，請依實際狀況於上方軟體授權主檔處修改，以利原安裝人可繼續使用；若部份需要轉移至新授權，也請於上方軟體授權主檔處新增新的授權資料"
    },
    "SoftwareUsage": {
        "AssetsCode": "資產編號",
        "AssetsSubCode": "子資產編號",
        "PcName": "電腦名稱",
        "Admin": "保管人",
        "Dept": "保管部門",
        "AuthEmpNo": "授權掛帳人",
        "SoftwareLicenseId": "License Key ID",
        "ActualVersion": "實際安裝軟體版本",
        "TrialStartDate": "試用起日",
        "TrialEndDate": "試用迄日",
        "Type": "實體機/虛擬機",
        "SaveOrUpdateMessage": "系統將依此計算庫存數並更新，確定嗎？",
        "Deploy": "配置中"
    },
    "SoftwareUsageType": {
        "0": "實體機",
        "1": "虛擬機"
    },
    "informationservice": {
        "title": "資訊服務申請",
        "applicant": "申請人",
        "project": "申請項目",
        "project_sub": "申請子項目",
        "description": "需求說明",
        "other": "其他說明文字",
        "applicant_placeholder": "請輸入申請人",
        "project_placeholder": "請輸入申請項目",
        "description_placeholder": "請輸入需求說明",
        "StartDate": "開始日期",
        "EndDate": "結束日期",
        "softwarerequirements": "軟體需求",
        "APPLYType": "申請類別",
        "softwareapplicationinstallation": "軟體申請安裝",
        "softwaretrialinstallation": "軟體試用安裝",
        "addsoftware": "新增軟體",
        "softwarename": "軟體名稱",
        "paid/free": "付費/免費",
        "pricing": "定價",
        "authorityunit": "權責單位",
        "softwareOwner": "軟體負責人",
        "vendor": "廠商",
        "demandversion": "需求版次",
        "demandamound": "需求數量",
        "sameasthefirst": "同第一筆",
        "installcomputercustodian": "安裝電腦保管人",
        "assetNumber": "資產編號",
        "computername": "電腦名稱",
        "location": "地點",
        "rad": "",
        "Code": "公司代碼",
        "AsseetId": "主資產編號",
        "AsseetChrildId": "子資產編號",
        "PCName": "電腦名稱",
        "Admin": "保管人姓名",
        "Dept": "保管人部門",
        "AsseetType": "資產類別",
        "SAPType": "SAP資產類別",
        "floor": "位置/樓層",
        "SAPName": "SAP設備名稱",
        "demandversion_placeholder": "請輸入版次",
        "demandamound_placeholder": "請輸入數量",
        "ApllyType": "申請類別",
        "DemandDate": "需求日期",
        "TrialDate": "試用日期",
        "SendErrorMsg": "尚有安裝資訊未填寫完整",
        "CheckSoftwareOwner": "您選擇的軟體負責人需為同一人，若有兩位以上的負責人，請分開提單，謝謝",
        "CheckSoftwareSelect": "請選擇軟體",
        "OwnerDeptName": "電腦權責單位",
        "ComputerUseType": "電腦用途主分類",
        "ComputerUseSubType": "電腦用途次分類",
        "EquipmentName": "電腦設備名稱"
    },
    "deploy": {
        "title": "軟體配置單",
        "tryDate": "試用起訖",
        "deploy": "軟體配置",
        "ActualVersion": "實際安裝軟體版本",
        "AuthorizationMethod": "授權方式",
        "Owner": "掛帳人",
        "Action": "動作",
        "Status": "配置狀態",
        "Memo": "備註",
        "complete": "完成配置",
        "Cancel": "需求取消"
    },
    "SoftwareList": {
        "Id": "軟體編號",
        "Name": "軟體名稱",
        "FormatId": "軟體編號",
        "Version": "軟體版本",
        "StockCount": "庫存數量",
        "AttributionUnit": "權責單位",
        "SoftTypeName": "軟體分類",
        "AuthTypeName": "授權方式",
        "AuthorizationTypeValue": "授權方式"
    },
    "SoftwareLicenseList": {
        "Id": "License Key ID",
        "Code": "License Key ID",
        "Name": "License Key / File",
        "StatusShow": "狀態"
    },
    "DeployQueryList": {
        "FormName": "查詢未結案之軟體配置單",
        "Id": "軟體配置編號",
        "Name": "表單名稱",
        "Status": "表單狀態",
        "Applicant": "申請人",
        "ApplicantDept": "申請人部門",
        "Date": "申請日期",
        "ApplyNo": "軟體申請單編號",
        "Type": "類別(申請安裝/試用安裝)",
        "ServiceClass": "服務主分類",
        "ServiceSubClass": "服務次分類",
        "ServiceSubProject": "服務項目"
    },
    "Change": {
        "title": "資訊服務異動",
        "applicant": "申請人",
        "project": "申請項目",
        "description": "異動需求說明",
        "applicant_placeholder": "請輸入申請人",
        "project_placeholder": "請輸入申請項目",
        "description_placeholder": "請輸入異動需求說明",
        "softwarerChangeEquirements": "軟體異動需求",
        "softwarename": "軟體名稱",
        "authorization": "授權方式",
        "assetnumber": "安裝資產編號",
        "computername": "安裝電腦名稱",
        "custodian": "資編保管人",
        "bookkeeper": "授權掛帳人",
        "location": "安裝地點",
        "Type1Source": "選擇欲異動之軟體:",
        "Type1Target": "指定安裝電腦的新保管人:",
        "Type2Source": "選擇欲回收之軟體:",
        "Type3Source": "選擇欲保留之軟體:",
        "Type3Target": "保留部門:",
        "department": "保留部門",
        "Type4Source": "選擇保留軟體之掛帳部門:",
        "Type4Target": "指定安裝電腦的新保管人:",
        "Qty": "保留數量",
        "UseQty": "欲轉使用數量",
        "Type5Target": "指定新保留部門:",
        "softwareVersion": "軟體版本",
        "Type6Source": "選擇欲升降版之軟體:",
        "Type6Target": "指定軟體版本:",
        "softwareNewName": "新軟體名稱",
        "Type7Source": "選擇By User之授權軟體:",
        "Type7Target": "指定安裝電腦的新保管人:",
        "Type8Source": "選擇By Keypro之授權軟體:",
        "Type8Target": "指定新軟體鎖掛帳人:",
        "CheckItems": "至少要選擇一筆資料",
        "CheckQty": "保留數量不可大於庫存數量",
        "CheckPIC": "您選擇的軟體負責人需為同一人，若有兩位以上的負責人，請分開填單，謝謝!",
        "Remark": "備註",
        "ActualVersion": "實際安裝軟體版本",
        "License": "License Kye / File",
        "Status": "狀態",
        "RefUri": "軟體申請單編號"
    },
    "ChangeFormStatus": {
        "1": "處理中",
        "2": "已派工"
    },
    "SoftwareWarrantyTrack": {
        "Title1": "合約到期追蹤單",
        "Title2": "軟體授權到期資料",
        "Title3": "到期處理做法",
        "Title4": "到期處理做法(租賃)",
        "Title5": "查詢合約到期追蹤單",
        "Continue": "續約",
        "NotContinue": "不續約",
        "Removed": "已完成移除軟體",
        "Id": "追蹤單編號",
        "FormStatus": "表單狀態",
        "Signator": "目前簽核人",
        "ContinueMessage": "請記得做好軟體版權登錄及使用狀況更新：1.維護新續約的軟體授權，2. 視需要調整原軟體授權的套數或期限，以利原安裝人繼續使用 3. 視需要更新軟體使用狀況。",
        "NotContinueMessage": "請記得做好軟體版權登錄及使用狀況更新：1. 視需要調整不續約的軟體授權可用版本，2. 視需要移除軟體或軟體降版，3.更新軟體使用狀況。",
        "RemoveMessage": "軟體使用狀況主檔將移除此筆紀錄，確定嗎？"
    },
    "SoftwareTrialTrack": {
        "Title1": "查詢試用到期追蹤單",
        "Title2": "試用到期追蹤單",
        "Title3": "軟體試用內容",
        "Title4": "到期處理做法",
        "Id": "試用到期追蹤單編號",
        "FormName": "表單名稱",
        "FormStatus": "表單狀態",
        "Signator": "目前簽核人",
        "TrialStartDate": "軟體試用起日",
        "TrialEndDate": "軟體試用迄日",
        "TrialProcess": "到期處理做法",
        "Removed": "已完成移除軟體",
        "NotRemoved": "尚未移除軟體",
        "RemoveMessage": "軟體使用狀況主檔將移除此筆紀錄，確定嗎？"
    },
    "MaintenancePC": {
        "Source": "舊機主資產",
        "Target": "新機主資產",
        "Code": "Company Code",
        "AsseetId": "主資產編號",
        "AsseetChrildId": "子資產編號",
        "PCName": "電腦名稱",
        "Admin": "保管人姓名",
        "Dept": "保管人部門",
        "Add": "選擇資產編號",
        "Msg": "系統將依您勾選之軟體移轉到您指定的資產編號中，確定嗎?"
    },
    "HardwareAndSoftwareAsseet": {
        "Title": "軟硬體資產查詢",
        "ConfirmSoftwareReset": "系統將依您指定的新軟體置換原先已配置的軟體，確定嗎？",
        "ConfirmSoftwareReUsage1": "您選擇了多個資產編號，請問您確定所有勾選的電腦都要回收該軟體?",
        "ConfirmSoftwareReUsage2": "您選擇了多個軟體編號，請問您確定所有勾選的軟體都要進行回收?",
        "ConfirmSoftwareRecycling": "您確定要將所勾選之軟體從該硬體帳上移除嗎? 此動作將同時把軟體帳歸還庫存，確定嗎？",
        "MultipleAuthEmpNo": "您選擇的軟體需要指定”授權掛帳人”，因此無法批次作業",
        "MultipleLicense": "您選擇的軟體需要指定License Key ID，因此無法批次作業",
        "OriUsage": "原軟體及LicenseKeyID",
        "NewUsage": "新軟體及LicenseKeyID"
    },
    "SoftInstall": {
        "Target": "出機資產",
        "Target2": "請選擇出機預設軟體",
        "Target3": "請選擇出機指定軟體",
        "Code": "Company Code",
        "AsseetId": "主資產編號",
        "AsseetChrildId": "子資產編號",
        "PCName": "電腦名稱",
        "Admin": "保管人姓名",
        "Dept": "保管人部門",
        "Add": "新增指定軟體",
        "Msg": "系統將以您勾選之出機軟體及新增之指定軟體掛帳到您所選擇的資產編號中，確定嗎? ",
        "SoftwareDefaultTypeName": "出機軟體分類",
        "TypeName": "軟體分類",
        "ID": "軟體編號",
        "FormatId": "軟體編號",
        "SoftName": "軟體名稱",
        "Version": "軟體版本",
        "AuthorizationValue": "授權方式",
        "Authorization": "授權方式",
        "PurchaseId": "採購單號",
        "Updater": "修改者",
        "UpdateDT": "修改日期",
        "AssignVersion": "實際安裝軟體版號",
        "LicenseName": "License Key ID",
        "AuthEmpName": "授權掛帳人",
        "PurchaseCount": "授權數量",
        "PurchaseYear": "採購年度",
        "StockCount": "庫存數量"
    },
    "SoftReport": {
        "Tab1": "軟體授權尚未生效",
        "Tab2": "軟體使用量異常",
        "Tab3": "權責單位負責人異常",
        "Id": "軟體編號",
        "Status": "狀態",
        "Name": "軟體名",
        "Version": "軟體版本",
        "Lease": "是否為租賃",
        "AuthorizationTypeName": "授權方式",
        "PurchaseCount": "授權數量",
        "UsingCount": "使用數量",
        "StockCount": "庫存數量",
        "WarrantyStarthate": "保固(租賃)起日",
        "WarrantyEndDate": "保固(租賃)迄日",
        "SoftTypeName": "軟體分類",
        "ApproveEmpNo": "軟體驗收人工號",
        "ApproveEmp": "軟體驗收人姓名",
        "AttributionUnit": "軟體權責單位",
        "PurchaseYear": "採購年度"
    },
    "UsageReport": {
        "Tab1": "安裝電腦異常",
        "Tab2": "安裝軟體異常",
        "Tab3": "授權掛帳人異常",
        "AssetsCode": "資產編號",
        "Status": "狀態",
        "PcName": "電腦名稱",
        "AuthId": "軟體編號",
        "SoftName": "軟體名",
        "Version": "軟體版本",
        "AVersion": "實裝軟體版本",
        "AuthorizationTypeName": "授權方式",
        "AuthorizationEmp": "授權掛帳人"
    },
    "SamSwTrackReport": {
        "Title1": "保固(租賃)到期未處理",
        "Title2": "試用到期未處理"
    },
    "HSAMUsage": {
        "Title": "依硬體資產查詢軟體安裝狀況",
        "ThTitle1": "硬體相關",
        "ThTitle2": "軟體相關",
        "SMainAssetNo": "主資產編號",
        "SSubAssetNo": "子資產編號",
        "AComputerName": "電腦名稱",
        "SNameCh": "保管人姓名",
        "SDept": "保管人部門",
        "UOwnerDeptId": "電腦權責單位",
        "UOwnerDeptName": "電腦權責單位",
        "UComputerUseType": "電腦用途主分類",
        "UComputerUseSubtype": "電腦用途次分類",
        "ID": "軟體編號",
        "Name": "名稱",
        "ActualVersion": "版本",
        "AttributionUnit": "軟體權責單位",
        "SoftTypeName": "軟體分類",
        "SoftwareLicenseName": "License Key ID",
        "AuthEmpName": "授權掛帳人",
        "TrialStartDate": "試用起日",
        "TrialEndDate": "試用迄日"
    },
    "DataMigration": {
        "Title": "軟體上線前data migration",
        "Append": "新增",
        "Renew": "移除之後新增",
        "ImportExcel1": "軟體授權_付費",
        "ImportExcel2": "軟體授權_免費",
        "ImportConfirm": "此動作會將資料全部移除重新建立，確定執行?"
    },
    "PaidSoftwareUsage": {
        "Title1": "查詢/下載/上傳付費軟體使用狀況",
        "Title2": "套裝軟體使用狀況",
        "Title3": "應用軟體使用狀況",
        "Title4": "試用軟體使用狀況",
        "DownloadMessage": "檔案已成功下載，系統依軟體授權數已展開應填寫之列數，若有授權並完成安裝，請填寫或更新白色儲存格部分(Sheet2/Sheet3/Sheet4)；若沒有安裝則欄位空白即可，請勿任意刪除資料列。"
    },
    "OA": {
        "Title1": "OA電腦軟體查核作業",
        "Title2": "軟體未申請資訊",
        "Title3": "保管人回複處理方式",
        "Title4": "軟體負責人確認",
        "Title5": "無XIT資料供比對之資產清單",
        "Id": "軟體查核追蹤單編號",
        "FlowStatus": "追蹤單狀態",
        "SignatoryName": "目前簽核人",
        "Name": "軟體名稱",
        "Version": "軟體版本",
        "MainAssetNo": "主資產編號",
        "SubAssetNo": "子資產編號",
        "PcName": "電腦名稱",
        "CompanyCode": "Company Code",
        "ProcessType": "處理方式回覆",
        "SystemCheckStartUp": "啟動軟體查核系統比對",
        "SystemCheckSendMail": "發送軟體查核追蹤單",
        "Exclude": "排除",
        "XitCheck": "無XIT資料供比對之資產清單",
        "EmpName": "保管人姓名",
        "EmpDept": "保管人部門",
        "ProcessingTypeDescription0": "",
        "ProcessingTypeDescription1": "軟體有授權，補授權資料",
        "ProcessingTypeDescription2": "軟體未授權，補申請安裝",
        "ProcessingTypeDescription3": "軟體未授權，將移除軟體",
        "ProcessingTypeDescription4": "其他",
        "PurchaseId": "採購單號",
        "CertificateFile": "軟體授權證明",
        "ApplyNo": "軟體申請單編號",
        "Remark": "其他說明",
        "SystemCheck": "模擬執行系統比對",
        "Pass": "比對結果: 通過",
        "NotPass": "比對結果: 不通過",
        "BatchStartUp": "排程執行中..",
        "Adminstart": "管理者啟動",
        "Autostart": "定期啟動",
        "Calendar": "啟動日期:"
    },
    "SoftwareInventory": {
        "Title": "自主管理電腦盤點設定及啟動盤點",
        "add": "新增盤點期別",
        "Edit": "編輯",
        "Id": "期別編號",
        "StartDate": "盤點起日",
        "EndDate": "盤點迄日",
        "RandStartDate": "抽盤起日",
        "RandEndDate": "抽盤迄日",
        "Status": "盤點狀態",
        "UpdaterEmpNo": "最後修改人",
        "UpdateDate": "最後修改時間",
        "Title2": "盤點基本資料維護表",
        "Unit": "權責代表",
        "UnitId": "權責單位",
        "EmpNo": "權責單位代表",
        "BackEmpNo": "權責單位代表 backup",
        "Proportion": "抽盤比例",
        "Save": "儲存",
        "Save2": "設定盤點開始(轉檔)",
        "Save3": "設定抽盤開始(選定標的)",
        "Save4": "盤點結束",
        "Save5": "發出盤點追蹤單",
        "Save6": "盤點作廢"
    },
    "SoftwareInventoryCheck": {
        "Check1": "請選擇盤點起日",
        "Check2": "請選擇盤點迄日",
        "Check3": "請選擇抽盤起日",
        "Check4": "請選擇抽盤迄日"
    },
    "SoftwareInventorySettingStatus": {
        "0": "新建立",
        "1": "盤點進行中",
        "2": "抽盤進行中",
        "3": "盤點結束",
        "4": "作廢"
    },
    "SoftwareInventoryStatus": {
        "0": "",
        "1": "盤盈",
        "2": "盤虧",
        "3": "盤盈+盤虧",
        "4": "帳料一致",
        "5": "無法盤點",
        "": ""
    },
    "SelfComputerRegister": {
        "Title1": "個人電腦軟體盤點登錄",
        "Title2": "立帳軟體",
        "Title3": "XIT輔助報表",
        "Title4": "無需立帳軟體",
        "InventoryDate": "軟體盤點期別",
        "InventorySearch": "盤點資料查詢",
        "InventoryStatus": "軟體盤點結果",
        "SettingInventoryStatus": "設定盤點結果",
        "InventoryComment": "(無法盤點說明:)",
        "ViewSoftware": "顯示立帳軟體",
        "ViewXITReport": "顯示XIT輔助報表",
        "Comment": "說明",
        "PleaseInputComment": "請填寫無法盤點說明",
        "ViewNotSoftware": "無需立帳軟體",
        "Status": "狀態:"
    },
    "UnitComputerRegister": {
        "Title1": "單位電腦軟體抽盤登錄",
        "Title2": "立帳軟體",
        "Title3": "XIT輔助報表",
        "Title4": "無需立帳軟體",
        "InventoryDate": "軟體盤點期別",
        "InventorySearch": "抽盤資料查詢",
        "InventoryStatus": "軟體抽盤結果",
        "SettingInventoryStatus": "設定抽盤結果",
        "InventoryComment": "(無法盤點說明:)",
        "ViewSoftware": "顯示立帳軟體",
        "ViewXITReport": "顯示XIT輔助報表",
        "Comment": "說明",
        "PleaseInputComment": "請填寫無法盤點說明",
        "ViewNotSoftware": "無需立帳軟體",
        "Status": "狀態:"
    },
    "SamSwInventoryAssets": {
        "Title1": "盤點及追蹤單明細表",
        "Title2": "立帳軟體",
        "Title3": "XIT輔助報表",
        "Title4": "無需立帳軟體",
        "Title5": "軟體盤點追蹤單",
        "Title6": "付費軟體盤點結果",
        "Title7": "請輸入盤盈軟體清單",
        "Title8": "請勾選盤虧軟體",
        "InventoryDate": "軟體盤點期別",
        "InventorySearch": "抽盤資料查詢",
        "InventoryStatus": "軟體盤點結果",
        "InventoryRandStatus": "軟體抽盤結果",
        "SettingInventoryStatus": "設定抽盤結果",
        "ViewSoftware": "顯示立帳軟體",
        "ViewXITReport": "顯示XIT輔助報表",
        "Comment": "說明",
        "SignFormNo": "軟體盤點追蹤單",
        "FormStatus": "追蹤單狀態",
        "IsRand": "抽盤標的",
        "ProcessType": "回覆處理做法",
        "Remark1": "補充資訊1",
        "Remark2": "補充資訊2",
        "Add": "新增軟體盤盈",
        "ConfirmType": "負責人最後確認",
        "OtherRemark": "其他說明"
    },
    "SamSwInventoryProcessType": {
        "1": "軟體未授權，將移除軟體",
        "2": "軟體為合格授權軟體，補授權資訊",
        "3": "其他"
    },
    "ReportInventory": {
        "Title1": "盤點追蹤單完成率統計表",
        "AttributionUnit": "權責單位",
        "AbnormalCount": "異常筆數",
        "ProcessedCount": "已處理筆數",
        "UnprocessedCount": "未處理筆數",
        "ExacutiveRate": "執行率(%)"
    },
    "InventoryStatistical": {
        "Title": "盤點統計表",
        "Search": "盤點資料查詢",
        "SettingSelect": "軟體盤點期別:",
        "Status": "狀態:",
        "Dept": "權責單位",
        "ShouldCount": "應盤筆數",
        "AlreadyCount": "已盤筆數",
        "NotCount": "未盤筆數",
        "Rate": "完成率(%)",
        "MatchCount": "帳料符合筆數",
        "NMatchCount": "帳料不符筆數",
        "UnableCount": "無法盤點筆數",
        "Msg": "該期別尚未完成盤點，無統計資料。"
    },
    "InventoryStatistical2": {
        "Title": "抽盤統計表",
        "Search": "抽盤資料查詢",
        "SettingSelect": "軟體盤點期別:",
        "Status": "狀態:",
        "Dept": "權責單位",
        "ShouldCount": "抽盤筆數",
        "AlreadyCount": "已盤筆數",
        "NotCount": "未盤筆數",
        "Rate": "完成率(%)",
        "MatchCount": "抽盤相符筆數",
        "NMatchCount": "抽盤不符筆數",
        "UnableCount": "不符率(%)",
        "Msg": "該期別尚未完成抽盤，無統計資料。"
    },
    "InventoryStatisticalD": {
        "Title": "盤點及追蹤單明細表",
        "SettingSelect": "軟體盤點期別:",
        "Status": "狀態:",
        "FlowID": "軟體盤點追蹤單",
        "FlowStatus": "追蹤單狀態",
        "InventoryStatus": "軟體盤點結果",
        "RandInventoryStatus": "軟體抽盤結果",
        "RandInventory": "抽盤標的",
        "SCompanyCode": "Company Code",
        "SMainAssetNo": "主資產編號",
        "SSubAssetNo": "子資產編號",
        "AComputerName": "電腦名稱",
        "SNameCh": "保管人姓名",
        "SDept": "保管人部門",
        "UOwnerDeptId": "電腦權責單位",
        "SEquipmentName": "電腦設備名稱",
        "SFloorDesc": "位置樓層",
        "View1": "顯示立帳軟體",
        "View2": "顯示XIT輔助報表",
        "InventoryComment": "說明"
    },
    "SoftwareDefault": {
        "Title": "維護電腦出機軟體清單",
        "SoftType": "出機軟體分類",
        "Dialog1": "新增付費軟體",
        "Dialog2": "新增免費軟體",
        "Dialog3": "出機軟體分類管理",
        "Name": "分類名稱",
        "EnName": "分類英文名稱"
    },
    "ServiceProject": {
        "CgType1": "安裝電腦啟動",
        "CgType2": "軟體回收",
        "CgType3": "使用轉保留",
        "CgType4": "保留轉使用",
        "CgType5": "保留部門異動",
        "CgType6": "軟體升降版",
        "CgType7": "授權新增軟體",
        "CgType8": "軟體鎖異動",
        "YY_0003": "測試主項目",
        "YY_HA01": "軟體",
        "YY_HA02": "軟體"
    },
    "SignButton": {
        "Draft": {
            "Send": "送件",
            "Save": "儲存"
        },
        "Start01": {
            "Approve": "核准",
            "Rejected": "退件"
        },
        "OwnerFillIn": {
            "Invalid": "作廢",
            "Closed": "結案"
        },
        "PSamAdminConfirm": {
            "Approve": "核准",
            "Rejected": "退件"
        },
        "FSamAdminConfirm": {
            "Closed": "結案",
            "Rejected": "退件"
        },
        "SamAdminConfig": {
            "Save": "儲存",
            "Closed": "結案"
        },
        "SamAdminConfirm": {
            "Approve": "核准",
            "Rejected": "退件"
        },
        "EqOwnerFillIn": {
            "Approve": "核准",
            "Rejected": "退件"
        },
        "DynamicCosign": {
            "Approve": "核准",
            "Rejected": "退件"
        },
        "HQRespUnitConfirm": {
            "Approve": "核准",
            "Rejected": "退件"
        }
    },
    "Setting": {
        "RoleManagement": "角色管理",
        "Status": "狀態",
        "Department": "部門",
        "Name": "姓名",
        "Action": "操作",
        "UserManagement": "人員管理",
        "MemberAccount": "員工帳號",
        "PermissionSetting": "功能權限設定",
        "RoleGroup": "角色管理",
        "PermissionInfo": "維護人員角色權限",
        "SearchDate": "查詢日期",
        "AccessLogReaderDate": "閱讀時間",
        "AccessLogId": "表單/主檔編號",
        "AccessLogName": "功能/表單名稱",
        "AccessLogReader": "閱讀者",
        "AccessLogInfo": "Access Log Query"
    },
    "FAQ": {
        "List": "清單",
        "AnnouncementContent：": "內容",
        "FaqDepartment": "發佈部門",
        "Action": "功能",
        "AnnouncementTitle": "標題",
        "FaqNumber": "編號",
        "Category": "類別",
        "FaqPublisher": "發佈者"
    }
}
